WP_027692178.1|csp22_consensus|Full_Seq|Rathayibacter|Rathayibacter_toxicus_DSM7488|1842	WP_027692178.1|csp22_consensus|Full_Seq|Rathayibacter|Rathayibacter_toxicus_DSM7488|1842
WP_027692178.1|csp22_consensus|Full_Seq|Rathayibacter|Rathayibacter_toxicus_DSM7488|1842	WP_027692474.1|csp22_consensus|Full_Seq|Rathayibacter|Rathayibacter_toxicus_DSM7488|1844
WP_027692178.1|csp22_consensus|Full_Seq|Rathayibacter|Rathayibacter_toxicus_DSM7488|1842	WP_027692178.1|csp22_consensus|Full_Seq|Rathayibacter|Rathayibacter_toxicus_70137|3628
WP_027692178.1|csp22_consensus|Full_Seq|Rathayibacter|Rathayibacter_toxicus_DSM7488|1842	WP_027692474.1|csp22_consensus|Full_Seq|Rathayibacter|Rathayibacter_toxicus_70137|3630
WP_027692178.1|csp22_consensus|Full_Seq|Rathayibacter|Rathayibacter_toxicus_DSM7488|1842	WP_055786246.1|csp22_consensus|Full_Seq|Rathayibacter|Rathayibacter_spp_Leaf294|5672
WP_027692178.1|csp22_consensus|Full_Seq|Rathayibacter|Rathayibacter_toxicus_DSM7488|1842	WP_056036943.1|csp22_consensus|Full_Seq|Rathayibacter|Rathayibacter_spp_Leaf294|5674
WP_027692178.1|csp22_consensus|Full_Seq|Rathayibacter|Rathayibacter_toxicus_DSM7488|1842	WP_055786246.1|csp22_consensus|Full_Seq|Rathayibacter|Rathayibacter_spp_Leaf296|5676
WP_027692178.1|csp22_consensus|Full_Seq|Rathayibacter|Rathayibacter_toxicus_DSM7488|1842	WP_055787717.1|csp22_consensus|Full_Seq|Rathayibacter|Rathayibacter_spp_Leaf296|5678
WP_027692178.1|csp22_consensus|Full_Seq|Rathayibacter|Rathayibacter_toxicus_DSM7488|1842	WP_055786246.1|csp22_consensus|Full_Seq|Rathayibacter|Rathayibacter_spp_Leaf299|5680
WP_027692178.1|csp22_consensus|Full_Seq|Rathayibacter|Rathayibacter_toxicus_DSM7488|1842	WP_055787717.1|csp22_consensus|Full_Seq|Rathayibacter|Rathayibacter_spp_Leaf299|5682
WP_027692178.1|csp22_consensus|Full_Seq|Rathayibacter|Rathayibacter_toxicus_DSM7488|1842	WP_055786246.1|csp22_consensus|Full_Seq|Rathayibacter|Rathayibacter_spp_Leaf185|5714
WP_027692178.1|csp22_consensus|Full_Seq|Rathayibacter|Rathayibacter_toxicus_DSM7488|1842	WP_056036943.1|csp22_consensus|Full_Seq|Rathayibacter|Rathayibacter_spp_Leaf185|5716
WP_027692178.1|csp22_consensus|Full_Seq|Rathayibacter|Rathayibacter_toxicus_DSM7488|1842	WP_027692178.1|csp22_consensus|Full_Seq|Rathayibacter|Rathayibacter_toxicus_WAC3373|5987
WP_027692178.1|csp22_consensus|Full_Seq|Rathayibacter|Rathayibacter_toxicus_DSM7488|1842	WP_027692474.1|csp22_consensus|Full_Seq|Rathayibacter|Rathayibacter_toxicus_WAC3373|5989
WP_027692178.1|csp22_consensus|Full_Seq|Rathayibacter|Rathayibacter_toxicus_DSM7488|1842	WP_055786246.1|csp22_consensus|Full_Seq|Rathayibacter|Rathayibacter_tanaceti_VKMAc-2596|6634
WP_027692178.1|csp22_consensus|Full_Seq|Rathayibacter|Rathayibacter_toxicus_DSM7488|1842	WP_068210468.1|csp22_consensus|Full_Seq|Rathayibacter|Rathayibacter_tanaceti_VKMAc-2596|6637
WP_027692178.1|csp22_consensus|Full_Seq|Rathayibacter|Rathayibacter_toxicus_DSM7488|1842	WP_068210468.1|csp22_consensus|Full_Seq|Rathayibacter|Rathayibacter_tritici_NCPPB1953|6638
WP_027692178.1|csp22_consensus|Full_Seq|Rathayibacter|Rathayibacter_toxicus_DSM7488|1842	WP_068250852.1|csp22_consensus|Full_Seq|Rathayibacter|Rathayibacter_tritici_NCPPB1953|6639
WP_027692178.1|csp22_consensus|Full_Seq|Rathayibacter|Rathayibacter_toxicus_DSM7488|1842	WP_055786246.1|csp22_consensus|Full_Seq|Rathayibacter|Rathayibacter_spp_VKMAc-2630|7728
WP_027692178.1|csp22_consensus|Full_Seq|Rathayibacter|Rathayibacter_toxicus_DSM7488|1842	WP_077221791.1|csp22_consensus|Full_Seq|Rathayibacter|Rathayibacter_spp_VKMAc-2630|7730
WP_027692178.1|csp22_consensus|Full_Seq|Rathayibacter|Rathayibacter_toxicus_DSM7488|1842	WP_055786246.1|csp22_consensus|Full_Seq|Rathayibacter|Rathayibacter_rathayi_AY1I9|10510
WP_027692178.1|csp22_consensus|Full_Seq|Rathayibacter|Rathayibacter_toxicus_DSM7488|1842	WP_068210468.1|csp22_consensus|Full_Seq|Rathayibacter|Rathayibacter_rathayi_AY1I9|10511
WP_027692178.1|csp22_consensus|Full_Seq|Rathayibacter|Rathayibacter_toxicus_DSM7488|1842	WP_055786246.1|csp22_consensus|Full_Seq|Rathayibacter|Rathayibacter_spp_AY1A7|10514
WP_027692178.1|csp22_consensus|Full_Seq|Rathayibacter|Rathayibacter_toxicus_DSM7488|1842	WP_104224599.1|csp22_consensus|Full_Seq|Rathayibacter|Rathayibacter_spp_AY1A7|10516
WP_027692178.1|csp22_consensus|Full_Seq|Rathayibacter|Rathayibacter_toxicus_DSM7488|1842	WP_055786246.1|csp22_consensus|Full_Seq|Rathayibacter|Rathayibacter_spp_AY1A5|10518
WP_027692178.1|csp22_consensus|Full_Seq|Rathayibacter|Rathayibacter_toxicus_DSM7488|1842	WP_104224599.1|csp22_consensus|Full_Seq|Rathayibacter|Rathayibacter_spp_AY1A5|10520
WP_027692178.1|csp22_consensus|Full_Seq|Rathayibacter|Rathayibacter_toxicus_DSM7488|1842	WP_055786246.1|csp22_consensus|Full_Seq|Rathayibacter|Rathayibacter_spp_AY1F2|10522
WP_027692178.1|csp22_consensus|Full_Seq|Rathayibacter|Rathayibacter_toxicus_DSM7488|1842	WP_104224599.1|csp22_consensus|Full_Seq|Rathayibacter|Rathayibacter_spp_AY1F2|10524
WP_027692178.1|csp22_consensus|Full_Seq|Rathayibacter|Rathayibacter_toxicus_DSM7488|1842	WP_055786246.1|csp22_consensus|Full_Seq|Rathayibacter|Rathayibacter_rathayi_AY1E7|10526
WP_027692178.1|csp22_consensus|Full_Seq|Rathayibacter|Rathayibacter_toxicus_DSM7488|1842	WP_068210468.1|csp22_consensus|Full_Seq|Rathayibacter|Rathayibacter_rathayi_AY1E7|10527
WP_027692178.1|csp22_consensus|Full_Seq|Rathayibacter|Rathayibacter_toxicus_DSM7488|1842	WP_055786246.1|csp22_consensus|Full_Seq|Rathayibacter|Rathayibacter_spp_AY1A2|10530
WP_027692178.1|csp22_consensus|Full_Seq|Rathayibacter|Rathayibacter_toxicus_DSM7488|1842	WP_104224599.1|csp22_consensus|Full_Seq|Rathayibacter|Rathayibacter_spp_AY1A2|10532
WP_027692178.1|csp22_consensus|Full_Seq|Rathayibacter|Rathayibacter_toxicus_DSM7488|1842	WP_055786246.1|csp22_consensus|Full_Seq|Rathayibacter|Rathayibacter_spp_AY1A4|10534
WP_027692178.1|csp22_consensus|Full_Seq|Rathayibacter|Rathayibacter_toxicus_DSM7488|1842	WP_104224599.1|csp22_consensus|Full_Seq|Rathayibacter|Rathayibacter_spp_AY1A4|10536
WP_027692178.1|csp22_consensus|Full_Seq|Rathayibacter|Rathayibacter_toxicus_DSM7488|1842	WP_055786246.1|csp22_consensus|Full_Seq|Rathayibacter|Rathayibacter_spp_AY1A3|10538
WP_027692178.1|csp22_consensus|Full_Seq|Rathayibacter|Rathayibacter_toxicus_DSM7488|1842	WP_104224599.1|csp22_consensus|Full_Seq|Rathayibacter|Rathayibacter_spp_AY1A3|10540
WP_027692178.1|csp22_consensus|Full_Seq|Rathayibacter|Rathayibacter_toxicus_DSM7488|1842	WP_068210468.1|csp22_consensus|Full_Seq|Rathayibacter|Rathayibacter_tritici_ATCC11402|10542
WP_027692178.1|csp22_consensus|Full_Seq|Rathayibacter|Rathayibacter_toxicus_DSM7488|1842	WP_068250852.1|csp22_consensus|Full_Seq|Rathayibacter|Rathayibacter_tritici_ATCC11402|10543
WP_027692178.1|csp22_consensus|Full_Seq|Rathayibacter|Rathayibacter_toxicus_DSM7488|1842	WP_055786246.1|csp22_consensus|Full_Seq|Rathayibacter|Rathayibacter_spp_AY1A1|10546
WP_027692178.1|csp22_consensus|Full_Seq|Rathayibacter|Rathayibacter_toxicus_DSM7488|1842	WP_104224599.1|csp22_consensus|Full_Seq|Rathayibacter|Rathayibacter_spp_AY1A1|10548
WP_027692178.1|csp22_consensus|Full_Seq|Rathayibacter|Rathayibacter_toxicus_DSM7488|1842	WP_044440195.1|csp22_consensus|Full_Seq|Rathayibacter|Rathayibacter_spp_AY2B8|10551
WP_027692178.1|csp22_consensus|Full_Seq|Rathayibacter|Rathayibacter_toxicus_DSM7488|1842	WP_044443312.1|csp22_consensus|Full_Seq|Rathayibacter|Rathayibacter_spp_AY2B8|10552
WP_027692178.1|csp22_consensus|Full_Seq|Rathayibacter|Rathayibacter_toxicus_DSM7488|1842	WP_055786246.1|csp22_consensus|Full_Seq|Rathayibacter|Rathayibacter_rathayi_AY2A5|10554
WP_027692178.1|csp22_consensus|Full_Seq|Rathayibacter|Rathayibacter_toxicus_DSM7488|1842	WP_068210468.1|csp22_consensus|Full_Seq|Rathayibacter|Rathayibacter_rathayi_AY2A5|10555
WP_027692178.1|csp22_consensus|Full_Seq|Rathayibacter|Rathayibacter_toxicus_DSM7488|1842	WP_055786246.1|csp22_consensus|Full_Seq|Rathayibacter|Rathayibacter_spp_AY1E6|10558
WP_027692178.1|csp22_consensus|Full_Seq|Rathayibacter|Rathayibacter_toxicus_DSM7488|1842	WP_104224599.1|csp22_consensus|Full_Seq|Rathayibacter|Rathayibacter_spp_AY1E6|10560
WP_027692178.1|csp22_consensus|Full_Seq|Rathayibacter|Rathayibacter_toxicus_DSM7488|1842	WP_055786246.1|csp22_consensus|Full_Seq|Rathayibacter|Rathayibacter_spp_AY1C2|10573
WP_027692178.1|csp22_consensus|Full_Seq|Rathayibacter|Rathayibacter_toxicus_DSM7488|1842	WP_104224599.1|csp22_consensus|Full_Seq|Rathayibacter|Rathayibacter_spp_AY1C2|10575
WP_027692178.1|csp22_consensus|Full_Seq|Rathayibacter|Rathayibacter_toxicus_DSM7488|1842	WP_055786246.1|csp22_consensus|Full_Seq|Rathayibacter|Rathayibacter_rathayi_AY2A3|10577
WP_027692178.1|csp22_consensus|Full_Seq|Rathayibacter|Rathayibacter_toxicus_DSM7488|1842	WP_068210468.1|csp22_consensus|Full_Seq|Rathayibacter|Rathayibacter_rathayi_AY2A3|10578
WP_027692178.1|csp22_consensus|Full_Seq|Rathayibacter|Rathayibacter_toxicus_DSM7488|1842	WP_068210468.1|csp22_consensus|Full_Seq|Rathayibacter|Rathayibacter_tritici_GSPB2752|10581
WP_027692178.1|csp22_consensus|Full_Seq|Rathayibacter|Rathayibacter_toxicus_DSM7488|1842	WP_068250852.1|csp22_consensus|Full_Seq|Rathayibacter|Rathayibacter_tritici_GSPB2752|10582
WP_027692178.1|csp22_consensus|Full_Seq|Rathayibacter|Rathayibacter_toxicus_DSM7488|1842	WP_055786246.1|csp22_consensus|Full_Seq|Rathayibacter|Rathayibacter_spp_AY2B1|10589
WP_027692178.1|csp22_consensus|Full_Seq|Rathayibacter|Rathayibacter_toxicus_DSM7488|1842	WP_104224599.1|csp22_consensus|Full_Seq|Rathayibacter|Rathayibacter_spp_AY2B1|10591
WP_027692178.1|csp22_consensus|Full_Seq|Rathayibacter|Rathayibacter_toxicus_DSM7488|1842	WP_055786246.1|csp22_consensus|Full_Seq|Rathayibacter|Rathayibacter_spp_AY1E8|10597
WP_027692178.1|csp22_consensus|Full_Seq|Rathayibacter|Rathayibacter_toxicus_DSM7488|1842	WP_104224599.1|csp22_consensus|Full_Seq|Rathayibacter|Rathayibacter_spp_AY1E8|10599
WP_027692178.1|csp22_consensus|Full_Seq|Rathayibacter|Rathayibacter_toxicus_DSM7488|1842	WP_055786246.1|csp22_consensus|Full_Seq|Rathayibacter|Rathayibacter_rathayi_AY2A9|10601
WP_027692178.1|csp22_consensus|Full_Seq|Rathayibacter|Rathayibacter_toxicus_DSM7488|1842	WP_068210468.1|csp22_consensus|Full_Seq|Rathayibacter|Rathayibacter_rathayi_AY2A9|10602
WP_027692178.1|csp22_consensus|Full_Seq|Rathayibacter|Rathayibacter_toxicus_DSM7488|1842	WP_068210468.1|csp22_consensus|Full_Seq|Rathayibacter|Rathayibacter_tritici_GSPB2748|10605
WP_027692178.1|csp22_consensus|Full_Seq|Rathayibacter|Rathayibacter_toxicus_DSM7488|1842	WP_068250852.1|csp22_consensus|Full_Seq|Rathayibacter|Rathayibacter_tritici_GSPB2748|10606
WP_027692178.1|csp22_consensus|Full_Seq|Rathayibacter|Rathayibacter_toxicus_DSM7488|1842	WP_055786246.1|csp22_consensus|Full_Seq|Rathayibacter|Rathayibacter_spp_AY1C6|10609
WP_027692178.1|csp22_consensus|Full_Seq|Rathayibacter|Rathayibacter_toxicus_DSM7488|1842	WP_104224599.1|csp22_consensus|Full_Seq|Rathayibacter|Rathayibacter_spp_AY1C6|10611
WP_027692178.1|csp22_consensus|Full_Seq|Rathayibacter|Rathayibacter_toxicus_DSM7488|1842	WP_055786246.1|csp22_consensus|Full_Seq|Rathayibacter|Rathayibacter_spp_AY2B9|10613
WP_027692178.1|csp22_consensus|Full_Seq|Rathayibacter|Rathayibacter_toxicus_DSM7488|1842	WP_104224599.1|csp22_consensus|Full_Seq|Rathayibacter|Rathayibacter_spp_AY2B9|10615
WP_027692178.1|csp22_consensus|Full_Seq|Rathayibacter|Rathayibacter_toxicus_DSM7488|1842	WP_027692178.1|csp22_consensus|Full_Seq|Rathayibacter|Rathayibacter_toxicus_FH149|10617
WP_027692178.1|csp22_consensus|Full_Seq|Rathayibacter|Rathayibacter_toxicus_DSM7488|1842	WP_027692474.1|csp22_consensus|Full_Seq|Rathayibacter|Rathayibacter_toxicus_FH149|10619
WP_027692178.1|csp22_consensus|Full_Seq|Rathayibacter|Rathayibacter_toxicus_DSM7488|1842	WP_055786246.1|csp22_consensus|Full_Seq|Rathayibacter|Rathayibacter_spp_AY2B7|10621
WP_027692178.1|csp22_consensus|Full_Seq|Rathayibacter|Rathayibacter_toxicus_DSM7488|1842	WP_104224599.1|csp22_consensus|Full_Seq|Rathayibacter|Rathayibacter_spp_AY2B7|10623
WP_027692178.1|csp22_consensus|Full_Seq|Rathayibacter|Rathayibacter_toxicus_DSM7488|1842	WP_055786246.1|csp22_consensus|Full_Seq|Rathayibacter|Rathayibacter_spp_AY2B5|10625
WP_027692178.1|csp22_consensus|Full_Seq|Rathayibacter|Rathayibacter_toxicus_DSM7488|1842	WP_104309427.1|csp22_consensus|Full_Seq|Rathayibacter|Rathayibacter_spp_AY2B5|10628
WP_027692178.1|csp22_consensus|Full_Seq|Rathayibacter|Rathayibacter_toxicus_DSM7488|1842	WP_055786246.1|csp22_consensus|Full_Seq|Rathayibacter|Rathayibacter_rathayi_AY2B6|10629
WP_027692178.1|csp22_consensus|Full_Seq|Rathayibacter|Rathayibacter_toxicus_DSM7488|1842	WP_068210468.1|csp22_consensus|Full_Seq|Rathayibacter|Rathayibacter_rathayi_AY2B6|10630
WP_027692178.1|csp22_consensus|Full_Seq|Rathayibacter|Rathayibacter_toxicus_DSM7488|1842	WP_055786246.1|csp22_consensus|Full_Seq|Rathayibacter|Rathayibacter_spp_AY1E9|10633
WP_027692178.1|csp22_consensus|Full_Seq|Rathayibacter|Rathayibacter_toxicus_DSM7488|1842	WP_104224599.1|csp22_consensus|Full_Seq|Rathayibacter|Rathayibacter_spp_AY1E9|10635
WP_027692178.1|csp22_consensus|Full_Seq|Rathayibacter|Rathayibacter_toxicus_DSM7488|1842	WP_055786246.1|csp22_consensus|Full_Seq|Rathayibacter|Rathayibacter_spp_AY1C5|10637
WP_027692178.1|csp22_consensus|Full_Seq|Rathayibacter|Rathayibacter_toxicus_DSM7488|1842	WP_104224599.1|csp22_consensus|Full_Seq|Rathayibacter|Rathayibacter_spp_AY1C5|10639
WP_027692178.1|csp22_consensus|Full_Seq|Rathayibacter|Rathayibacter_toxicus_DSM7488|1842	WP_055786246.1|csp22_consensus|Full_Seq|Rathayibacter|Rathayibacter_rathayi_AY2B4|10641
WP_027692178.1|csp22_consensus|Full_Seq|Rathayibacter|Rathayibacter_toxicus_DSM7488|1842	WP_068210468.1|csp22_consensus|Full_Seq|Rathayibacter|Rathayibacter_rathayi_AY2B4|10642
WP_027692178.1|csp22_consensus|Full_Seq|Rathayibacter|Rathayibacter_toxicus_DSM7488|1842	WP_055786246.1|csp22_consensus|Full_Seq|Rathayibacter|Rathayibacter_spp_AY2B3|10645
WP_027692178.1|csp22_consensus|Full_Seq|Rathayibacter|Rathayibacter_toxicus_DSM7488|1842	WP_104224599.1|csp22_consensus|Full_Seq|Rathayibacter|Rathayibacter_spp_AY2B3|10646
WP_027692178.1|csp22_consensus|Full_Seq|Rathayibacter|Rathayibacter_toxicus_DSM7488|1842	WP_055786246.1|csp22_consensus|Full_Seq|Rathayibacter|Rathayibacter_spp_AY1F4|10649
WP_027692178.1|csp22_consensus|Full_Seq|Rathayibacter|Rathayibacter_toxicus_DSM7488|1842	WP_104224599.1|csp22_consensus|Full_Seq|Rathayibacter|Rathayibacter_spp_AY1F4|10651
WP_027692178.1|csp22_consensus|Full_Seq|Rathayibacter|Rathayibacter_toxicus_DSM7488|1842	WP_027692178.1|csp22_consensus|Full_Seq|Rathayibacter|Rathayibacter_toxicus_FH81|10653
WP_027692178.1|csp22_consensus|Full_Seq|Rathayibacter|Rathayibacter_toxicus_DSM7488|1842	WP_027692474.1|csp22_consensus|Full_Seq|Rathayibacter|Rathayibacter_toxicus_FH81|10655
WP_027692178.1|csp22_consensus|Full_Seq|Rathayibacter|Rathayibacter_toxicus_DSM7488|1842	WP_055786246.1|csp22_consensus|Full_Seq|Rathayibacter|Rathayibacter_rathayi_ICMP2576|10657
WP_027692178.1|csp22_consensus|Full_Seq|Rathayibacter|Rathayibacter_toxicus_DSM7488|1842	WP_068210468.1|csp22_consensus|Full_Seq|Rathayibacter|Rathayibacter_rathayi_ICMP2576|10658
WP_027692178.1|csp22_consensus|Full_Seq|Rathayibacter|Rathayibacter_toxicus_DSM7488|1842	WP_055786246.1|csp22_consensus|Full_Seq|Rathayibacter|Rathayibacter_spp_AY1E5|10661
WP_027692178.1|csp22_consensus|Full_Seq|Rathayibacter|Rathayibacter_toxicus_DSM7488|1842	WP_104224599.1|csp22_consensus|Full_Seq|Rathayibacter|Rathayibacter_spp_AY1E5|10663
WP_027692178.1|csp22_consensus|Full_Seq|Rathayibacter|Rathayibacter_toxicus_DSM7488|1842	WP_055786246.1|csp22_consensus|Full_Seq|Rathayibacter|Rathayibacter_rathayi_ICMP2572|10665
WP_027692178.1|csp22_consensus|Full_Seq|Rathayibacter|Rathayibacter_toxicus_DSM7488|1842	WP_068210468.1|csp22_consensus|Full_Seq|Rathayibacter|Rathayibacter_rathayi_ICMP2572|10666
WP_027692178.1|csp22_consensus|Full_Seq|Rathayibacter|Rathayibacter_toxicus_DSM7488|1842	WP_055786246.1|csp22_consensus|Full_Seq|Rathayibacter|Rathayibacter_spp_AY1C7|10669
WP_027692178.1|csp22_consensus|Full_Seq|Rathayibacter|Rathayibacter_toxicus_DSM7488|1842	WP_104224599.1|csp22_consensus|Full_Seq|Rathayibacter|Rathayibacter_spp_AY1C7|10671
WP_027692178.1|csp22_consensus|Full_Seq|Rathayibacter|Rathayibacter_toxicus_DSM7488|1842	WP_055786246.1|csp22_consensus|Full_Seq|Rathayibacter|Rathayibacter_rathayi_AY1H7|10673
WP_027692178.1|csp22_consensus|Full_Seq|Rathayibacter|Rathayibacter_toxicus_DSM7488|1842	WP_068210468.1|csp22_consensus|Full_Seq|Rathayibacter|Rathayibacter_rathayi_AY1H7|10674
WP_027692178.1|csp22_consensus|Full_Seq|Rathayibacter|Rathayibacter_toxicus_DSM7488|1842	WP_055786246.1|csp22_consensus|Full_Seq|Rathayibacter|Rathayibacter_rathayi_AY1H6|10677
WP_027692178.1|csp22_consensus|Full_Seq|Rathayibacter|Rathayibacter_toxicus_DSM7488|1842	WP_068210468.1|csp22_consensus|Full_Seq|Rathayibacter|Rathayibacter_rathayi_AY1H6|10678
WP_027692178.1|csp22_consensus|Full_Seq|Rathayibacter|Rathayibacter_toxicus_DSM7488|1842	WP_055786246.1|csp22_consensus|Full_Seq|Rathayibacter|Rathayibacter_rathayi_AY1H5|10681
WP_027692178.1|csp22_consensus|Full_Seq|Rathayibacter|Rathayibacter_toxicus_DSM7488|1842	WP_068210468.1|csp22_consensus|Full_Seq|Rathayibacter|Rathayibacter_rathayi_AY1H5|10682
WP_027692178.1|csp22_consensus|Full_Seq|Rathayibacter|Rathayibacter_toxicus_DSM7488|1842	WP_055786246.1|csp22_consensus|Full_Seq|Rathayibacter|Rathayibacter_rathayi_AY1C8|10685
WP_027692178.1|csp22_consensus|Full_Seq|Rathayibacter|Rathayibacter_toxicus_DSM7488|1842	WP_068210468.1|csp22_consensus|Full_Seq|Rathayibacter|Rathayibacter_rathayi_AY1C8|10686
WP_027692178.1|csp22_consensus|Full_Seq|Rathayibacter|Rathayibacter_toxicus_DSM7488|1842	WP_055786246.1|csp22_consensus|Full_Seq|Rathayibacter|Rathayibacter_spp_AY1F3|10689
WP_027692178.1|csp22_consensus|Full_Seq|Rathayibacter|Rathayibacter_toxicus_DSM7488|1842	WP_104224599.1|csp22_consensus|Full_Seq|Rathayibacter|Rathayibacter_spp_AY1F3|10691
WP_027692178.1|csp22_consensus|Full_Seq|Rathayibacter|Rathayibacter_toxicus_DSM7488|1842	WP_055786246.1|csp22_consensus|Full_Seq|Rathayibacter|Rathayibacter_spp_AY1H2|10693
WP_027692178.1|csp22_consensus|Full_Seq|Rathayibacter|Rathayibacter_toxicus_DSM7488|1842	WP_104224599.1|csp22_consensus|Full_Seq|Rathayibacter|Rathayibacter_spp_AY1H2|10695
WP_027692178.1|csp22_consensus|Full_Seq|Rathayibacter|Rathayibacter_toxicus_DSM7488|1842	WP_055786246.1|csp22_consensus|Full_Seq|Rathayibacter|Rathayibacter_spp_AY1H3|10697
WP_027692178.1|csp22_consensus|Full_Seq|Rathayibacter|Rathayibacter_toxicus_DSM7488|1842	WP_104224599.1|csp22_consensus|Full_Seq|Rathayibacter|Rathayibacter_spp_AY1H3|10699
WP_027692178.1|csp22_consensus|Full_Seq|Rathayibacter|Rathayibacter_toxicus_DSM7488|1842	WP_055786246.1|csp22_consensus|Full_Seq|Rathayibacter|Rathayibacter_spp_AY1F6|10701
WP_027692178.1|csp22_consensus|Full_Seq|Rathayibacter|Rathayibacter_toxicus_DSM7488|1842	WP_104224599.1|csp22_consensus|Full_Seq|Rathayibacter|Rathayibacter_spp_AY1F6|10703
WP_027692178.1|csp22_consensus|Full_Seq|Rathayibacter|Rathayibacter_toxicus_DSM7488|1842	WP_055786246.1|csp22_consensus|Full_Seq|Rathayibacter|Rathayibacter_spp_AY1G9|10705
WP_027692178.1|csp22_consensus|Full_Seq|Rathayibacter|Rathayibacter_toxicus_DSM7488|1842	WP_104224599.1|csp22_consensus|Full_Seq|Rathayibacter|Rathayibacter_spp_AY1G9|10707
WP_027692178.1|csp22_consensus|Full_Seq|Rathayibacter|Rathayibacter_toxicus_DSM7488|1842	WP_055786246.1|csp22_consensus|Full_Seq|Rathayibacter|Rathayibacter_rathayi_AY1G7|10709
WP_027692178.1|csp22_consensus|Full_Seq|Rathayibacter|Rathayibacter_toxicus_DSM7488|1842	WP_068210468.1|csp22_consensus|Full_Seq|Rathayibacter|Rathayibacter_rathayi_AY1G7|10710
WP_027692178.1|csp22_consensus|Full_Seq|Rathayibacter|Rathayibacter_toxicus_DSM7488|1842	WP_055786246.1|csp22_consensus|Full_Seq|Rathayibacter|Rathayibacter_spp_AY1G1|10713
WP_027692178.1|csp22_consensus|Full_Seq|Rathayibacter|Rathayibacter_toxicus_DSM7488|1842	WP_104309427.1|csp22_consensus|Full_Seq|Rathayibacter|Rathayibacter_spp_AY1G1|10716
WP_027692178.1|csp22_consensus|Full_Seq|Rathayibacter|Rathayibacter_toxicus_DSM7488|1842	WP_055786246.1|csp22_consensus|Full_Seq|Rathayibacter|Rathayibacter_spp_AY1C1|10717
WP_027692178.1|csp22_consensus|Full_Seq|Rathayibacter|Rathayibacter_toxicus_DSM7488|1842	WP_104224599.1|csp22_consensus|Full_Seq|Rathayibacter|Rathayibacter_spp_AY1C1|10719
WP_027692178.1|csp22_consensus|Full_Seq|Rathayibacter|Rathayibacter_toxicus_DSM7488|1842	WP_055786246.1|csp22_consensus|Full_Seq|Rathayibacter|Rathayibacter_rathayi_AY1G4|10721
WP_027692178.1|csp22_consensus|Full_Seq|Rathayibacter|Rathayibacter_toxicus_DSM7488|1842	WP_068210468.1|csp22_consensus|Full_Seq|Rathayibacter|Rathayibacter_rathayi_AY1G4|10722
WP_027692178.1|csp22_consensus|Full_Seq|Rathayibacter|Rathayibacter_toxicus_DSM7488|1842	WP_055786246.1|csp22_consensus|Full_Seq|Rathayibacter|Rathayibacter_spp_AY1F9|10725
WP_027692178.1|csp22_consensus|Full_Seq|Rathayibacter|Rathayibacter_toxicus_DSM7488|1842	WP_104224599.1|csp22_consensus|Full_Seq|Rathayibacter|Rathayibacter_spp_AY1F9|10727
WP_027692178.1|csp22_consensus|Full_Seq|Rathayibacter|Rathayibacter_toxicus_DSM7488|1842	WP_055786246.1|csp22_consensus|Full_Seq|Rathayibacter|Rathayibacter_spp_AY1F8|10729
WP_027692178.1|csp22_consensus|Full_Seq|Rathayibacter|Rathayibacter_toxicus_DSM7488|1842	WP_104224599.1|csp22_consensus|Full_Seq|Rathayibacter|Rathayibacter_spp_AY1F8|10731
WP_027692178.1|csp22_consensus|Full_Seq|Rathayibacter|Rathayibacter_toxicus_DSM7488|1842	WP_055786246.1|csp22_consensus|Full_Seq|Rathayibacter|Rathayibacter_spp_AY1C4|10733
WP_027692178.1|csp22_consensus|Full_Seq|Rathayibacter|Rathayibacter_toxicus_DSM7488|1842	WP_104224599.1|csp22_consensus|Full_Seq|Rathayibacter|Rathayibacter_spp_AY1C4|10735
WP_027692178.1|csp22_consensus|Full_Seq|Rathayibacter|Rathayibacter_toxicus_DSM7488|1842	WP_055786246.1|csp22_consensus|Full_Seq|Rathayibacter|Rathayibacter_spp_AY1F7|10737
WP_027692178.1|csp22_consensus|Full_Seq|Rathayibacter|Rathayibacter_toxicus_DSM7488|1842	WP_104224599.1|csp22_consensus|Full_Seq|Rathayibacter|Rathayibacter_spp_AY1F7|10739
WP_027692178.1|csp22_consensus|Full_Seq|Rathayibacter|Rathayibacter_toxicus_DSM7488|1842	WP_055786246.1|csp22_consensus|Full_Seq|Rathayibacter|Rathayibacter_spp_AY1E3|10741
WP_027692178.1|csp22_consensus|Full_Seq|Rathayibacter|Rathayibacter_toxicus_DSM7488|1842	WP_104224599.1|csp22_consensus|Full_Seq|Rathayibacter|Rathayibacter_spp_AY1E3|10742
WP_027692178.1|csp22_consensus|Full_Seq|Rathayibacter|Rathayibacter_toxicus_DSM7488|1842	WP_055786246.1|csp22_consensus|Full_Seq|Rathayibacter|Rathayibacter_spp_AY1E4|10745
WP_027692178.1|csp22_consensus|Full_Seq|Rathayibacter|Rathayibacter_toxicus_DSM7488|1842	WP_104224599.1|csp22_consensus|Full_Seq|Rathayibacter|Rathayibacter_spp_AY1E4|10747
WP_027692178.1|csp22_consensus|Full_Seq|Rathayibacter|Rathayibacter_toxicus_DSM7488|1842	WP_055786246.1|csp22_consensus|Full_Seq|Rathayibacter|Rathayibacter_spp_AY1C3|10749
WP_027692178.1|csp22_consensus|Full_Seq|Rathayibacter|Rathayibacter_toxicus_DSM7488|1842	WP_104224599.1|csp22_consensus|Full_Seq|Rathayibacter|Rathayibacter_spp_AY1C3|10751
WP_027692178.1|csp22_consensus|Full_Seq|Rathayibacter|Rathayibacter_toxicus_DSM7488|1842	WP_027692178.1|csp22_consensus|Full_Seq|Rathayibacter|Rathayibacter_toxicus_FH78|10753
WP_027692178.1|csp22_consensus|Full_Seq|Rathayibacter|Rathayibacter_toxicus_DSM7488|1842	WP_027692474.1|csp22_consensus|Full_Seq|Rathayibacter|Rathayibacter_toxicus_FH78|10755
WP_027692178.1|csp22_consensus|Full_Seq|Rathayibacter|Rathayibacter_toxicus_DSM7488|1842	WP_055786246.1|csp22_consensus|Full_Seq|Rathayibacter|Rathayibacter_spp_AY1C9|10757
WP_027692178.1|csp22_consensus|Full_Seq|Rathayibacter|Rathayibacter_toxicus_DSM7488|1842	WP_104224599.1|csp22_consensus|Full_Seq|Rathayibacter|Rathayibacter_spp_AY1C9|10759
WP_027692178.1|csp22_consensus|Full_Seq|Rathayibacter|Rathayibacter_toxicus_DSM7488|1842	WP_055786246.1|csp22_consensus|Full_Seq|Rathayibacter|Rathayibacter_spp_AY1E2|10761
WP_027692178.1|csp22_consensus|Full_Seq|Rathayibacter|Rathayibacter_toxicus_DSM7488|1842	WP_104224599.1|csp22_consensus|Full_Seq|Rathayibacter|Rathayibacter_spp_AY1E2|10763
WP_027692178.1|csp22_consensus|Full_Seq|Rathayibacter|Rathayibacter_toxicus_DSM7488|1842	WP_055786246.1|csp22_consensus|Full_Seq|Rathayibacter|Rathayibacter_spp_AY1E1|10765
WP_027692178.1|csp22_consensus|Full_Seq|Rathayibacter|Rathayibacter_toxicus_DSM7488|1842	WP_104224599.1|csp22_consensus|Full_Seq|Rathayibacter|Rathayibacter_spp_AY1E1|10767
WP_027692178.1|csp22_consensus|Full_Seq|Rathayibacter|Rathayibacter_toxicus_DSM7488|1842	WP_055786246.1|csp22_consensus|Full_Seq|Rathayibacter|Rathayibacter_rathayi_AY1D8|10769
WP_027692178.1|csp22_consensus|Full_Seq|Rathayibacter|Rathayibacter_toxicus_DSM7488|1842	WP_068210468.1|csp22_consensus|Full_Seq|Rathayibacter|Rathayibacter_rathayi_AY1D8|10770
WP_027692178.1|csp22_consensus|Full_Seq|Rathayibacter|Rathayibacter_toxicus_DSM7488|1842	WP_055786246.1|csp22_consensus|Full_Seq|Rathayibacter|Rathayibacter_spp_AY1D9|10773
WP_027692178.1|csp22_consensus|Full_Seq|Rathayibacter|Rathayibacter_toxicus_DSM7488|1842	WP_104224599.1|csp22_consensus|Full_Seq|Rathayibacter|Rathayibacter_spp_AY1D9|10775
WP_027692178.1|csp22_consensus|Full_Seq|Rathayibacter|Rathayibacter_toxicus_DSM7488|1842	WP_027692178.1|csp22_consensus|Full_Seq|Rathayibacter|Rathayibacter_toxicus_FH183|10777
WP_027692178.1|csp22_consensus|Full_Seq|Rathayibacter|Rathayibacter_toxicus_DSM7488|1842	WP_027692474.1|csp22_consensus|Full_Seq|Rathayibacter|Rathayibacter_toxicus_FH183|10779
WP_027692178.1|csp22_consensus|Full_Seq|Rathayibacter|Rathayibacter_toxicus_DSM7488|1842	WP_055786246.1|csp22_consensus|Full_Seq|Rathayibacter|Rathayibacter_spp_AY1D7|10781
WP_027692178.1|csp22_consensus|Full_Seq|Rathayibacter|Rathayibacter_toxicus_DSM7488|1842	WP_104224599.1|csp22_consensus|Full_Seq|Rathayibacter|Rathayibacter_spp_AY1D7|10783
WP_027692178.1|csp22_consensus|Full_Seq|Rathayibacter|Rathayibacter_toxicus_DSM7488|1842	WP_027692178.1|csp22_consensus|Full_Seq|Rathayibacter|Rathayibacter_toxicus_FH146|10785
WP_027692178.1|csp22_consensus|Full_Seq|Rathayibacter|Rathayibacter_toxicus_DSM7488|1842	WP_027692474.1|csp22_consensus|Full_Seq|Rathayibacter|Rathayibacter_toxicus_FH146|10787
WP_027692178.1|csp22_consensus|Full_Seq|Rathayibacter|Rathayibacter_toxicus_DSM7488|1842	WP_027692178.1|csp22_consensus|Full_Seq|Rathayibacter|Rathayibacter_toxicus_FH86|10789
WP_027692178.1|csp22_consensus|Full_Seq|Rathayibacter|Rathayibacter_toxicus_DSM7488|1842	WP_027692474.1|csp22_consensus|Full_Seq|Rathayibacter|Rathayibacter_toxicus_FH86|10791
WP_027692178.1|csp22_consensus|Full_Seq|Rathayibacter|Rathayibacter_toxicus_DSM7488|1842	WP_027692178.1|csp22_consensus|Full_Seq|Rathayibacter|Rathayibacter_toxicus_FH85|10793
WP_027692178.1|csp22_consensus|Full_Seq|Rathayibacter|Rathayibacter_toxicus_DSM7488|1842	WP_027692474.1|csp22_consensus|Full_Seq|Rathayibacter|Rathayibacter_toxicus_FH85|10795
WP_027692178.1|csp22_consensus|Full_Seq|Rathayibacter|Rathayibacter_toxicus_DSM7488|1842	WP_055786246.1|csp22_consensus|Full_Seq|Rathayibacter|Rathayibacter_spp_AY1D5|10797
WP_027692178.1|csp22_consensus|Full_Seq|Rathayibacter|Rathayibacter_toxicus_DSM7488|1842	WP_104224599.1|csp22_consensus|Full_Seq|Rathayibacter|Rathayibacter_spp_AY1D5|10799
WP_027692178.1|csp22_consensus|Full_Seq|Rathayibacter|Rathayibacter_toxicus_DSM7488|1842	WP_055786246.1|csp22_consensus|Full_Seq|Rathayibacter|Rathayibacter_rathayi_AY1D6|10801
WP_027692178.1|csp22_consensus|Full_Seq|Rathayibacter|Rathayibacter_toxicus_DSM7488|1842	WP_068210468.1|csp22_consensus|Full_Seq|Rathayibacter|Rathayibacter_rathayi_AY1D6|10802
WP_027692178.1|csp22_consensus|Full_Seq|Rathayibacter|Rathayibacter_toxicus_DSM7488|1842	WP_055786246.1|csp22_consensus|Full_Seq|Rathayibacter|Rathayibacter_spp_AY1D4|10805
WP_027692178.1|csp22_consensus|Full_Seq|Rathayibacter|Rathayibacter_toxicus_DSM7488|1842	WP_104224599.1|csp22_consensus|Full_Seq|Rathayibacter|Rathayibacter_spp_AY1D4|10807
WP_027692178.1|csp22_consensus|Full_Seq|Rathayibacter|Rathayibacter_toxicus_DSM7488|1842	WP_027692178.1|csp22_consensus|Full_Seq|Rathayibacter|Rathayibacter_toxicus_FH145|10809
WP_027692178.1|csp22_consensus|Full_Seq|Rathayibacter|Rathayibacter_toxicus_DSM7488|1842	WP_027692474.1|csp22_consensus|Full_Seq|Rathayibacter|Rathayibacter_toxicus_FH145|10811
WP_027692178.1|csp22_consensus|Full_Seq|Rathayibacter|Rathayibacter_toxicus_DSM7488|1842	WP_055786246.1|csp22_consensus|Full_Seq|Rathayibacter|Rathayibacter_spp_AY1D3|10813
WP_027692178.1|csp22_consensus|Full_Seq|Rathayibacter|Rathayibacter_toxicus_DSM7488|1842	WP_104224599.1|csp22_consensus|Full_Seq|Rathayibacter|Rathayibacter_spp_AY1D3|10815
WP_027692178.1|csp22_consensus|Full_Seq|Rathayibacter|Rathayibacter_toxicus_DSM7488|1842	WP_027692178.1|csp22_consensus|Full_Seq|Rathayibacter|Rathayibacter_toxicus_FH142|10817
WP_027692178.1|csp22_consensus|Full_Seq|Rathayibacter|Rathayibacter_toxicus_DSM7488|1842	WP_027692474.1|csp22_consensus|Full_Seq|Rathayibacter|Rathayibacter_toxicus_FH142|10819
WP_027692178.1|csp22_consensus|Full_Seq|Rathayibacter|Rathayibacter_toxicus_DSM7488|1842	WP_055786246.1|csp22_consensus|Full_Seq|Rathayibacter|Rathayibacter_spp_AY1D1|10821
WP_027692178.1|csp22_consensus|Full_Seq|Rathayibacter|Rathayibacter_toxicus_DSM7488|1842	WP_104224599.1|csp22_consensus|Full_Seq|Rathayibacter|Rathayibacter_spp_AY1D1|10823
WP_027692178.1|csp22_consensus|Full_Seq|Rathayibacter|Rathayibacter_toxicus_DSM7488|1842	WP_027692178.1|csp22_consensus|Full_Seq|Rathayibacter|Rathayibacter_toxicus_FH82|10825
WP_027692178.1|csp22_consensus|Full_Seq|Rathayibacter|Rathayibacter_toxicus_DSM7488|1842	WP_027692474.1|csp22_consensus|Full_Seq|Rathayibacter|Rathayibacter_toxicus_FH82|10827
WP_027692178.1|csp22_consensus|Full_Seq|Rathayibacter|Rathayibacter_toxicus_DSM7488|1842	WP_055786246.1|csp22_consensus|Full_Seq|Rathayibacter|Rathayibacter_rathayi_AY1B9|10829
WP_027692178.1|csp22_consensus|Full_Seq|Rathayibacter|Rathayibacter_toxicus_DSM7488|1842	WP_068210468.1|csp22_consensus|Full_Seq|Rathayibacter|Rathayibacter_rathayi_AY1B9|10830
WP_027692178.1|csp22_consensus|Full_Seq|Rathayibacter|Rathayibacter_toxicus_DSM7488|1842	WP_055786246.1|csp22_consensus|Full_Seq|Rathayibacter|Rathayibacter_spp_AY1D2|10833
WP_027692178.1|csp22_consensus|Full_Seq|Rathayibacter|Rathayibacter_toxicus_DSM7488|1842	WP_104224599.1|csp22_consensus|Full_Seq|Rathayibacter|Rathayibacter_spp_AY1D2|10835
WP_027692178.1|csp22_consensus|Full_Seq|Rathayibacter|Rathayibacter_toxicus_DSM7488|1842	WP_027692178.1|csp22_consensus|Full_Seq|Rathayibacter|Rathayibacter_toxicus_FH147|10837
WP_027692178.1|csp22_consensus|Full_Seq|Rathayibacter|Rathayibacter_toxicus_DSM7488|1842	WP_027692474.1|csp22_consensus|Full_Seq|Rathayibacter|Rathayibacter_toxicus_FH147|10839
WP_027692178.1|csp22_consensus|Full_Seq|Rathayibacter|Rathayibacter_toxicus_DSM7488|1842	WP_055786246.1|csp22_consensus|Full_Seq|Rathayibacter|Rathayibacter_spp_AY1B7|10841
WP_027692178.1|csp22_consensus|Full_Seq|Rathayibacter|Rathayibacter_toxicus_DSM7488|1842	WP_104224599.1|csp22_consensus|Full_Seq|Rathayibacter|Rathayibacter_spp_AY1B7|10843
WP_027692178.1|csp22_consensus|Full_Seq|Rathayibacter|Rathayibacter_toxicus_DSM7488|1842	WP_055786246.1|csp22_consensus|Full_Seq|Rathayibacter|Rathayibacter_spp_AY1B6|10845
WP_027692178.1|csp22_consensus|Full_Seq|Rathayibacter|Rathayibacter_toxicus_DSM7488|1842	WP_104224599.1|csp22_consensus|Full_Seq|Rathayibacter|Rathayibacter_spp_AY1B6|10846
WP_027692178.1|csp22_consensus|Full_Seq|Rathayibacter|Rathayibacter_toxicus_DSM7488|1842	WP_055786246.1|csp22_consensus|Full_Seq|Rathayibacter|Rathayibacter_spp_AY1B8|10849
WP_027692178.1|csp22_consensus|Full_Seq|Rathayibacter|Rathayibacter_toxicus_DSM7488|1842	WP_104224599.1|csp22_consensus|Full_Seq|Rathayibacter|Rathayibacter_spp_AY1B8|10851
WP_027692178.1|csp22_consensus|Full_Seq|Rathayibacter|Rathayibacter_toxicus_DSM7488|1842	WP_055786246.1|csp22_consensus|Full_Seq|Rathayibacter|Rathayibacter_spp_AY1B5|10853
WP_027692178.1|csp22_consensus|Full_Seq|Rathayibacter|Rathayibacter_toxicus_DSM7488|1842	WP_104224599.1|csp22_consensus|Full_Seq|Rathayibacter|Rathayibacter_spp_AY1B5|10854
WP_027692178.1|csp22_consensus|Full_Seq|Rathayibacter|Rathayibacter_toxicus_DSM7488|1842	WP_055786246.1|csp22_consensus|Full_Seq|Rathayibacter|Rathayibacter_spp_AY1B4|10857
WP_027692178.1|csp22_consensus|Full_Seq|Rathayibacter|Rathayibacter_toxicus_DSM7488|1842	WP_104224599.1|csp22_consensus|Full_Seq|Rathayibacter|Rathayibacter_spp_AY1B4|10859
WP_027692178.1|csp22_consensus|Full_Seq|Rathayibacter|Rathayibacter_toxicus_DSM7488|1842	WP_055786246.1|csp22_consensus|Full_Seq|Rathayibacter|Rathayibacter_spp_AY1B1|10861
WP_027692178.1|csp22_consensus|Full_Seq|Rathayibacter|Rathayibacter_toxicus_DSM7488|1842	WP_104224599.1|csp22_consensus|Full_Seq|Rathayibacter|Rathayibacter_spp_AY1B1|10862
WP_027692178.1|csp22_consensus|Full_Seq|Rathayibacter|Rathayibacter_toxicus_DSM7488|1842	WP_055786246.1|csp22_consensus|Full_Seq|Rathayibacter|Rathayibacter_spp_TRS19|10865
WP_027692178.1|csp22_consensus|Full_Seq|Rathayibacter|Rathayibacter_toxicus_DSM7488|1842	WP_104224599.1|csp22_consensus|Full_Seq|Rathayibacter|Rathayibacter_spp_TRS19|10867
WP_027692178.1|csp22_consensus|Full_Seq|Rathayibacter|Rathayibacter_toxicus_DSM7488|1842	WP_068210468.1|csp22_consensus|Full_Seq|Rathayibacter|Rathayibacter_tritici_DSM7486|10869
WP_027692178.1|csp22_consensus|Full_Seq|Rathayibacter|Rathayibacter_toxicus_DSM7488|1842	WP_068250852.1|csp22_consensus|Full_Seq|Rathayibacter|Rathayibacter_tritici_DSM7486|10870
WP_027692178.1|csp22_consensus|Full_Seq|Rathayibacter|Rathayibacter_toxicus_DSM7488|1842	WP_055786246.1|csp22_consensus|Full_Seq|Rathayibacter|Rathayibacter_rathayi_AY1A8|10873
WP_027692178.1|csp22_consensus|Full_Seq|Rathayibacter|Rathayibacter_toxicus_DSM7488|1842	WP_068210468.1|csp22_consensus|Full_Seq|Rathayibacter|Rathayibacter_rathayi_AY1A8|10874
WP_027692178.1|csp22_consensus|Full_Seq|Rathayibacter|Rathayibacter_toxicus_DSM7488|1842	WP_055786246.1|csp22_consensus|Full_Seq|Rathayibacter|Rathayibacter_spp_RFBD1|10877
WP_027692178.1|csp22_consensus|Full_Seq|Rathayibacter|Rathayibacter_toxicus_DSM7488|1842	WP_104224599.1|csp22_consensus|Full_Seq|Rathayibacter|Rathayibacter_spp_RFBD1|10879
WP_027692178.1|csp22_consensus|Full_Seq|Rathayibacter|Rathayibacter_toxicus_DSM7488|1842	WP_027692178.1|csp22_consensus|Full_Seq|Rathayibacter|Rathayibacter_toxicus_FH89|10881
WP_027692178.1|csp22_consensus|Full_Seq|Rathayibacter|Rathayibacter_toxicus_DSM7488|1842	WP_027692474.1|csp22_consensus|Full_Seq|Rathayibacter|Rathayibacter_toxicus_FH89|10883
WP_027692178.1|csp22_consensus|Full_Seq|Rathayibacter|Rathayibacter_toxicus_DSM7488|1842	WP_068210468.1|csp22_consensus|Full_Seq|Rathayibacter|Rathayibacter_tritici_ICMP2628|10885
WP_027692178.1|csp22_consensus|Full_Seq|Rathayibacter|Rathayibacter_toxicus_DSM7488|1842	WP_068250852.1|csp22_consensus|Full_Seq|Rathayibacter|Rathayibacter_tritici_ICMP2628|10886
WP_027692178.1|csp22_consensus|Full_Seq|Rathayibacter|Rathayibacter_toxicus_DSM7488|1842	WP_104265067.1|csp22_consensus|Full_Seq|Rathayibacter|Rathayibacter_iranicus_FH154|10890
WP_027692178.1|csp22_consensus|Full_Seq|Rathayibacter|Rathayibacter_toxicus_DSM7488|1842	WP_104265461.1|csp22_consensus|Full_Seq|Rathayibacter|Rathayibacter_iranicus_FH154|10892
WP_027692178.1|csp22_consensus|Full_Seq|Rathayibacter|Rathayibacter_toxicus_DSM7488|1842	WP_027692178.1|csp22_consensus|Full_Seq|Rathayibacter|Rathayibacter_toxicus_FH99|10893
WP_027692178.1|csp22_consensus|Full_Seq|Rathayibacter|Rathayibacter_toxicus_DSM7488|1842	WP_027692474.1|csp22_consensus|Full_Seq|Rathayibacter|Rathayibacter_toxicus_FH99|10895
WP_027692178.1|csp22_consensus|Full_Seq|Rathayibacter|Rathayibacter_toxicus_DSM7488|1842	WP_027692178.1|csp22_consensus|Full_Seq|Rathayibacter|Rathayibacter_toxicus_FH141|10897
WP_027692178.1|csp22_consensus|Full_Seq|Rathayibacter|Rathayibacter_toxicus_DSM7488|1842	WP_027692474.1|csp22_consensus|Full_Seq|Rathayibacter|Rathayibacter_toxicus_FH141|10899
WP_027692178.1|csp22_consensus|Full_Seq|Rathayibacter|Rathayibacter_toxicus_DSM7488|1842	WP_104265067.1|csp22_consensus|Full_Seq|Rathayibacter|Rathayibacter_iranicus_DSM7484|10902
WP_027692178.1|csp22_consensus|Full_Seq|Rathayibacter|Rathayibacter_toxicus_DSM7488|1842	WP_104265461.1|csp22_consensus|Full_Seq|Rathayibacter|Rathayibacter_iranicus_DSM7484|10904
WP_027692178.1|csp22_consensus|Full_Seq|Rathayibacter|Rathayibacter_toxicus_DSM7488|1842	WP_027692178.1|csp22_consensus|Full_Seq|Rathayibacter|Rathayibacter_toxicus_FH138|10905
WP_027692178.1|csp22_consensus|Full_Seq|Rathayibacter|Rathayibacter_toxicus_DSM7488|1842	WP_027692474.1|csp22_consensus|Full_Seq|Rathayibacter|Rathayibacter_toxicus_FH138|10907
WP_027692178.1|csp22_consensus|Full_Seq|Rathayibacter|Rathayibacter_toxicus_DSM7488|1842	WP_027692178.1|csp22_consensus|Full_Seq|Rathayibacter|Rathayibacter_toxicus_FH140|10909
WP_027692178.1|csp22_consensus|Full_Seq|Rathayibacter|Rathayibacter_toxicus_DSM7488|1842	WP_027692474.1|csp22_consensus|Full_Seq|Rathayibacter|Rathayibacter_toxicus_FH140|10911
WP_027692178.1|csp22_consensus|Full_Seq|Rathayibacter|Rathayibacter_toxicus_DSM7488|1842	WP_027692178.1|csp22_consensus|Full_Seq|Rathayibacter|Rathayibacter_toxicus_FH139|10913
WP_027692178.1|csp22_consensus|Full_Seq|Rathayibacter|Rathayibacter_toxicus_DSM7488|1842	WP_027692474.1|csp22_consensus|Full_Seq|Rathayibacter|Rathayibacter_toxicus_FH139|10915
WP_027692178.1|csp22_consensus|Full_Seq|Rathayibacter|Rathayibacter_toxicus_DSM7488|1842	WP_104265067.1|csp22_consensus|Full_Seq|Rathayibacter|Rathayibacter_iranicus_TRS5|10918
WP_027692178.1|csp22_consensus|Full_Seq|Rathayibacter|Rathayibacter_toxicus_DSM7488|1842	WP_104265461.1|csp22_consensus|Full_Seq|Rathayibacter|Rathayibacter_iranicus_TRS5|10920
WP_027692178.1|csp22_consensus|Full_Seq|Rathayibacter|Rathayibacter_toxicus_DSM7488|1842	WP_027692178.1|csp22_consensus|Full_Seq|Rathayibacter|Rathayibacter_toxicus_FH128|10921
WP_027692178.1|csp22_consensus|Full_Seq|Rathayibacter|Rathayibacter_toxicus_DSM7488|1842	WP_027692474.1|csp22_consensus|Full_Seq|Rathayibacter|Rathayibacter_toxicus_FH128|10923
WP_027692178.1|csp22_consensus|Full_Seq|Rathayibacter|Rathayibacter_toxicus_DSM7488|1842	WP_027692178.1|csp22_consensus|Full_Seq|Rathayibacter|Rathayibacter_toxicus_FH137|10925
WP_027692178.1|csp22_consensus|Full_Seq|Rathayibacter|Rathayibacter_toxicus_DSM7488|1842	WP_027692474.1|csp22_consensus|Full_Seq|Rathayibacter|Rathayibacter_toxicus_FH137|10927
WP_027692178.1|csp22_consensus|Full_Seq|Rathayibacter|Rathayibacter_toxicus_DSM7488|1842	WP_055786246.1|csp22_consensus|Full_Seq|Rathayibacter|Rathayibacter_rathayi_Z022|10929
WP_027692178.1|csp22_consensus|Full_Seq|Rathayibacter|Rathayibacter_toxicus_DSM7488|1842	WP_068210468.1|csp22_consensus|Full_Seq|Rathayibacter|Rathayibacter_rathayi_Z022|10930
WP_027692178.1|csp22_consensus|Full_Seq|Rathayibacter|Rathayibacter_toxicus_DSM7488|1842	WP_055786246.1|csp22_consensus|Full_Seq|Rathayibacter|Rathayibacter_rathayi_Z015|10933
WP_027692178.1|csp22_consensus|Full_Seq|Rathayibacter|Rathayibacter_toxicus_DSM7488|1842	WP_068210468.1|csp22_consensus|Full_Seq|Rathayibacter|Rathayibacter_rathayi_Z015|10934
WP_027692178.1|csp22_consensus|Full_Seq|Rathayibacter|Rathayibacter_toxicus_DSM7488|1842	WP_055786246.1|csp22_consensus|Full_Seq|Rathayibacter|Rathayibacter_rathayi_Z007|10937
WP_027692178.1|csp22_consensus|Full_Seq|Rathayibacter|Rathayibacter_toxicus_DSM7488|1842	WP_068210468.1|csp22_consensus|Full_Seq|Rathayibacter|Rathayibacter_rathayi_Z007|10938
WP_027692178.1|csp22_consensus|Full_Seq|Rathayibacter|Rathayibacter_toxicus_DSM7488|1842	WP_027692178.1|csp22_consensus|Full_Seq|Rathayibacter|Rathayibacter_toxicus_FH100|10941
WP_027692178.1|csp22_consensus|Full_Seq|Rathayibacter|Rathayibacter_toxicus_DSM7488|1842	WP_027692474.1|csp22_consensus|Full_Seq|Rathayibacter|Rathayibacter_toxicus_FH100|10943
WP_027692178.1|csp22_consensus|Full_Seq|Rathayibacter|Rathayibacter_toxicus_DSM7488|1842	WP_055786246.1|csp22_consensus|Full_Seq|Rathayibacter|Rathayibacter_rathayi_CS6|10945
WP_027692178.1|csp22_consensus|Full_Seq|Rathayibacter|Rathayibacter_toxicus_DSM7488|1842	WP_068210468.1|csp22_consensus|Full_Seq|Rathayibacter|Rathayibacter_rathayi_CS6|10946
WP_027692178.1|csp22_consensus|Full_Seq|Rathayibacter|Rathayibacter_toxicus_DSM7488|1842	WP_055786246.1|csp22_consensus|Full_Seq|Rathayibacter|Rathayibacter_caricis_DSM15933|11425
WP_027692178.1|csp22_consensus|Full_Seq|Rathayibacter|Rathayibacter_toxicus_DSM7488|1842	WP_055787717.1|csp22_consensus|Full_Seq|Rathayibacter|Rathayibacter_caricis_DSM15933|11427
WP_027692178.1|csp22_consensus|Full_Seq|Rathayibacter|Rathayibacter_toxicus_DSM7488|1842	WP_104265067.1|csp22_consensus|Full_Seq|Rathayibacter|Rathayibacter_iranicus_VKMAc-1602|11672
WP_027692178.1|csp22_consensus|Full_Seq|Rathayibacter|Rathayibacter_toxicus_DSM7488|1842	WP_104265461.1|csp22_consensus|Full_Seq|Rathayibacter|Rathayibacter_iranicus_VKMAc-1602|11674
WP_027692178.1|csp22_consensus|Full_Seq|Rathayibacter|Rathayibacter_toxicus_DSM7488|1842	WP_123444803.1|csp22_consensus|Full_Seq|Rathayibacter|Rathayibacter_spp_PhB152|16301
WP_027692178.1|csp22_consensus|Full_Seq|Rathayibacter|Rathayibacter_toxicus_DSM7488|1842	WP_123445168.1|csp22_consensus|Full_Seq|Rathayibacter|Rathayibacter_spp_PhB152|16303
WP_027692178.1|csp22_consensus|Full_Seq|Rathayibacter|Rathayibacter_toxicus_DSM7488|1842	WP_123444803.1|csp22_consensus|Full_Seq|Rathayibacter|Rathayibacter_spp_PhB127|16311
WP_027692178.1|csp22_consensus|Full_Seq|Rathayibacter|Rathayibacter_toxicus_DSM7488|1842	WP_123445168.1|csp22_consensus|Full_Seq|Rathayibacter|Rathayibacter_spp_PhB127|16313
WP_027692178.1|csp22_consensus|Full_Seq|Rathayibacter|Rathayibacter_toxicus_DSM7488|1842	WP_123444803.1|csp22_consensus|Full_Seq|Rathayibacter|Rathayibacter_spp_PhB185|16322
WP_027692178.1|csp22_consensus|Full_Seq|Rathayibacter|Rathayibacter_toxicus_DSM7488|1842	WP_123445168.1|csp22_consensus|Full_Seq|Rathayibacter|Rathayibacter_spp_PhB185|16324
WP_027692178.1|csp22_consensus|Full_Seq|Rathayibacter|Rathayibacter_toxicus_DSM7488|1842	WP_123444803.1|csp22_consensus|Full_Seq|Rathayibacter|Rathayibacter_spp_PhB186|16333
WP_027692178.1|csp22_consensus|Full_Seq|Rathayibacter|Rathayibacter_toxicus_DSM7488|1842	WP_123445168.1|csp22_consensus|Full_Seq|Rathayibacter|Rathayibacter_spp_PhB186|16335
WP_027692178.1|csp22_consensus|Full_Seq|Rathayibacter|Rathayibacter_toxicus_DSM7488|1842	WP_123444803.1|csp22_consensus|Full_Seq|Rathayibacter|Rathayibacter_spp_PhB93|16344
WP_027692178.1|csp22_consensus|Full_Seq|Rathayibacter|Rathayibacter_toxicus_DSM7488|1842	WP_123445168.1|csp22_consensus|Full_Seq|Rathayibacter|Rathayibacter_spp_PhB93|16346
WP_027692178.1|csp22_consensus|Full_Seq|Rathayibacter|Rathayibacter_toxicus_DSM7488|1842	WP_055786246.1|csp22_consensus|Full_Seq|Rathayibacter|Rathayibacter_rathayi_DSM7485|17174
WP_027692178.1|csp22_consensus|Full_Seq|Rathayibacter|Rathayibacter_toxicus_DSM7488|1842	WP_068210468.1|csp22_consensus|Full_Seq|Rathayibacter|Rathayibacter_rathayi_DSM7485|17175
WP_027692178.1|csp22_consensus|Full_Seq|Rathayibacter|Rathayibacter_toxicus_DSM7488|1842	WP_104265067.1|csp22_consensus|Full_Seq|Rathayibacter|Rathayibacter_iranicus_NCCPB2253|17179
WP_027692178.1|csp22_consensus|Full_Seq|Rathayibacter|Rathayibacter_toxicus_DSM7488|1842	WP_104265461.1|csp22_consensus|Full_Seq|Rathayibacter|Rathayibacter_iranicus_NCCPB2253|17181
WP_027692178.1|csp22_consensus|Full_Seq|Rathayibacter|Rathayibacter_toxicus_DSM7488|1842	WP_123444803.1|csp22_consensus|Full_Seq|Rathayibacter|Rathayibacter_festucae_DSM15932|17182
WP_027692178.1|csp22_consensus|Full_Seq|Rathayibacter|Rathayibacter_toxicus_DSM7488|1842	WP_123445168.1|csp22_consensus|Full_Seq|Rathayibacter|Rathayibacter_festucae_DSM15932|17184
WP_027692178.1|csp22_consensus|Full_Seq|Rathayibacter|Rathayibacter_toxicus_DSM7488|1842	WP_123444803.1|csp22_consensus|Full_Seq|Rathayibacter|Rathayibacter_spp_PhB192|17651
WP_027692178.1|csp22_consensus|Full_Seq|Rathayibacter|Rathayibacter_toxicus_DSM7488|1842	WP_123445168.1|csp22_consensus|Full_Seq|Rathayibacter|Rathayibacter_spp_PhB192|17653
WP_027692178.1|csp22_consensus|Full_Seq|Rathayibacter|Rathayibacter_toxicus_DSM7488|1842	WP_123444803.1|csp22_consensus|Full_Seq|Rathayibacter|Rathayibacter_spp_PhB179|17685
WP_027692178.1|csp22_consensus|Full_Seq|Rathayibacter|Rathayibacter_toxicus_DSM7488|1842	WP_123445168.1|csp22_consensus|Full_Seq|Rathayibacter|Rathayibacter_spp_PhB179|17687
WP_027692178.1|csp22_consensus|Full_Seq|Rathayibacter|Rathayibacter_toxicus_DSM7488|1842	WP_123444803.1|csp22_consensus|Full_Seq|Rathayibacter|Rathayibacter_spp_PhB152|17829
WP_027692178.1|csp22_consensus|Full_Seq|Rathayibacter|Rathayibacter_toxicus_DSM7488|1842	WP_123445168.1|csp22_consensus|Full_Seq|Rathayibacter|Rathayibacter_spp_PhB152|17831
WP_027692178.1|csp22_consensus|Full_Seq|Rathayibacter|Rathayibacter_toxicus_DSM7488|1842	WP_123444803.1|csp22_consensus|Full_Seq|Rathayibacter|Rathayibacter_spp_PhB151|17864
WP_027692178.1|csp22_consensus|Full_Seq|Rathayibacter|Rathayibacter_toxicus_DSM7488|1842	WP_123445168.1|csp22_consensus|Full_Seq|Rathayibacter|Rathayibacter_spp_PhB151|17865
WP_027692178.1|csp22_consensus|Full_Seq|Rathayibacter|Rathayibacter_toxicus_DSM7488|1842	WP_055786246.1|csp22_consensus|Full_Seq|Rathayibacter|Rathayibacter_rathayi_VKMAc-1601|19407
WP_027692178.1|csp22_consensus|Full_Seq|Rathayibacter|Rathayibacter_toxicus_DSM7488|1842	WP_068210468.1|csp22_consensus|Full_Seq|Rathayibacter|Rathayibacter_rathayi_VKMAc-1601|19408
WP_027692178.1|csp22_consensus|Full_Seq|Rathayibacter|Rathayibacter_toxicus_DSM7488|1842	WP_055786246.1|csp22_consensus|Full_Seq|Rathayibacter|Rathayibacter_spp_VKMAc-2754|19410
WP_027692178.1|csp22_consensus|Full_Seq|Rathayibacter|Rathayibacter_toxicus_DSM7488|1842	WP_056036943.1|csp22_consensus|Full_Seq|Rathayibacter|Rathayibacter_spp_VKMAc-2754|19412
WP_027692178.1|csp22_consensus|Full_Seq|Rathayibacter|Rathayibacter_toxicus_DSM7488|1842	WP_055786246.1|csp22_consensus|Full_Seq|Rathayibacter|Rathayibacter_spp_VKMAc-2803|19414
WP_027692178.1|csp22_consensus|Full_Seq|Rathayibacter|Rathayibacter_toxicus_DSM7488|1842	WP_056036943.1|csp22_consensus|Full_Seq|Rathayibacter|Rathayibacter_spp_VKMAc-2803|19416
WP_027692178.1|csp22_consensus|Full_Seq|Rathayibacter|Rathayibacter_toxicus_DSM7488|1842	WP_055786246.1|csp22_consensus|Full_Seq|Rathayibacter|Rathayibacter_tanaceti_VKMAc-2761|19435
WP_027692178.1|csp22_consensus|Full_Seq|Rathayibacter|Rathayibacter_toxicus_DSM7488|1842	WP_068210468.1|csp22_consensus|Full_Seq|Rathayibacter|Rathayibacter_tanaceti_VKMAc-2761|19438
WP_027692178.1|csp22_consensus|Full_Seq|Rathayibacter|Rathayibacter_toxicus_DSM7488|1842	WP_055786246.1|csp22_consensus|Full_Seq|Rathayibacter|Rathayibacter_spp_VKMAc-2760|19439
WP_027692178.1|csp22_consensus|Full_Seq|Rathayibacter|Rathayibacter_toxicus_DSM7488|1842	WP_123445168.1|csp22_consensus|Full_Seq|Rathayibacter|Rathayibacter_spp_VKMAc-2760|19440
WP_027692178.1|csp22_consensus|Full_Seq|Rathayibacter|Rathayibacter_toxicus_DSM7488|1842	WP_123444803.1|csp22_consensus|Full_Seq|Rathayibacter|Rathayibacter_festucae_VKMAc-2802|19443
WP_027692178.1|csp22_consensus|Full_Seq|Rathayibacter|Rathayibacter_toxicus_DSM7488|1842	WP_123445168.1|csp22_consensus|Full_Seq|Rathayibacter|Rathayibacter_festucae_VKMAc-2802|19445
WP_027692178.1|csp22_consensus|Full_Seq|Rathayibacter|Rathayibacter_toxicus_DSM7488|1842	WP_055786246.1|csp22_consensus|Full_Seq|Rathayibacter|Rathayibacter_spp_VKMAc-2759|19447
WP_027692178.1|csp22_consensus|Full_Seq|Rathayibacter|Rathayibacter_toxicus_DSM7488|1842	WP_056036943.1|csp22_consensus|Full_Seq|Rathayibacter|Rathayibacter_spp_VKMAc-2759|19449
WP_027692178.1|csp22_consensus|Full_Seq|Rathayibacter|Rathayibacter_toxicus_DSM7488|1842	WP_055786246.1|csp22_consensus|Full_Seq|Rathayibacter|Rathayibacter_spp_VKMAc-2801|19451
WP_027692178.1|csp22_consensus|Full_Seq|Rathayibacter|Rathayibacter_toxicus_DSM7488|1842	WP_104224599.1|csp22_consensus|Full_Seq|Rathayibacter|Rathayibacter_spp_VKMAc-2801|19452
WP_027692178.1|csp22_consensus|Full_Seq|Rathayibacter|Rathayibacter_toxicus_DSM7488|1842	WP_055786246.1|csp22_consensus|Full_Seq|Rathayibacter|Rathayibacter_spp_VKMAc-2805|19455
WP_027692178.1|csp22_consensus|Full_Seq|Rathayibacter|Rathayibacter_toxicus_DSM7488|1842	WP_104224599.1|csp22_consensus|Full_Seq|Rathayibacter|Rathayibacter_spp_VKMAc-2805|19456
WP_027692178.1|csp22_consensus|Full_Seq|Rathayibacter|Rathayibacter_toxicus_DSM7488|1842	WP_055786246.1|csp22_consensus|Full_Seq|Rathayibacter|Rathayibacter_spp_VKMAc-2762|19504
WP_027692178.1|csp22_consensus|Full_Seq|Rathayibacter|Rathayibacter_toxicus_DSM7488|1842	WP_104224599.1|csp22_consensus|Full_Seq|Rathayibacter|Rathayibacter_spp_VKMAc-2762|19505
WP_027692178.1|csp22_consensus|Full_Seq|Rathayibacter|Rathayibacter_toxicus_DSM7488|1842	WP_123444803.1|csp22_consensus|Full_Seq|Rathayibacter|Rathayibacter_spp_VKMAc-2804|19508
WP_027692178.1|csp22_consensus|Full_Seq|Rathayibacter|Rathayibacter_toxicus_DSM7488|1842	WP_123445168.1|csp22_consensus|Full_Seq|Rathayibacter|Rathayibacter_spp_VKMAc-2804|19510
WP_027692178.1|csp22_consensus|Full_Seq|Rathayibacter|Rathayibacter_toxicus_DSM7488|1842	WP_123444803.1|csp22_consensus|Full_Seq|Rathayibacter|Rathayibacter_spp_VKMAc-2857|21175
WP_027692178.1|csp22_consensus|Full_Seq|Rathayibacter|Rathayibacter_toxicus_DSM7488|1842	WP_123445168.1|csp22_consensus|Full_Seq|Rathayibacter|Rathayibacter_spp_VKMAc-2857|21176
WP_027692178.1|csp22_consensus|Full_Seq|Rathayibacter|Rathayibacter_toxicus_DSM7488|1842	WP_123444803.1|csp22_consensus|Full_Seq|Rathayibacter|Rathayibacter_spp_VKMAc-2856|21184
WP_027692178.1|csp22_consensus|Full_Seq|Rathayibacter|Rathayibacter_toxicus_DSM7488|1842	WP_123445168.1|csp22_consensus|Full_Seq|Rathayibacter|Rathayibacter_spp_VKMAc-2856|21185
WP_027692178.1|csp22_consensus|Full_Seq|Rathayibacter|Rathayibacter_toxicus_DSM7488|1842	WP_068210468.1|csp22_consensus|Full_Seq|Rathayibacter|Rathayibacter_agropyri_VKMAc-2828|21187
WP_027692178.1|csp22_consensus|Full_Seq|Rathayibacter|Rathayibacter_toxicus_DSM7488|1842	WP_173249071.1|csp22_consensus|Full_Seq|Rathayibacter|Rathayibacter_agropyri_VKMAc-2828|21189
WP_027692178.1|csp22_consensus|Full_Seq|Rathayibacter|Rathayibacter_toxicus_DSM7488|1842	WP_123444803.1|csp22_consensus|Full_Seq|Rathayibacter|Rathayibacter_spp_VKMAc-2835|21190
WP_027692178.1|csp22_consensus|Full_Seq|Rathayibacter|Rathayibacter_toxicus_DSM7488|1842	WP_123445168.1|csp22_consensus|Full_Seq|Rathayibacter|Rathayibacter_spp_VKMAc-2835|21191
WP_027692178.1|csp22_consensus|Full_Seq|Rathayibacter|Rathayibacter_toxicus_DSM7488|1842	WP_027692178.1|csp22_consensus|Full_Seq|Rathayibacter|Rathayibacter_toxicus_FH232|24209
WP_027692178.1|csp22_consensus|Full_Seq|Rathayibacter|Rathayibacter_toxicus_DSM7488|1842	WP_027692474.1|csp22_consensus|Full_Seq|Rathayibacter|Rathayibacter_toxicus_FH232|24211
WP_027692178.1|csp22_consensus|Full_Seq|Rathayibacter|Rathayibacter_toxicus_DSM7488|1842	WP_055786246.1|csp22_consensus|Full_Seq|Rathayibacter|Rathayibacter_spp_VKMAc-2879|24695
WP_027692178.1|csp22_consensus|Full_Seq|Rathayibacter|Rathayibacter_toxicus_DSM7488|1842	WP_194607532.1|csp22_consensus|Full_Seq|Rathayibacter|Rathayibacter_spp_VKMAc-2879|24697
WP_027692178.1|csp22_consensus|Full_Seq|Rathayibacter|Rathayibacter_toxicus_DSM7488|1842	WP_055786246.1|csp22_consensus|Full_Seq|Rathayibacter|Rathayibacter_spp_SD072|27051
WP_027692178.1|csp22_consensus|Full_Seq|Rathayibacter|Rathayibacter_toxicus_DSM7488|1842	WP_207405912.1|csp22_consensus|Full_Seq|Rathayibacter|Rathayibacter_spp_SD072|27053
WP_027692178.1|csp22_consensus|Full_Seq|Rathayibacter|Rathayibacter_toxicus_DSM7488|1842	WP_027692178.1|csp22_consensus|Full_Seq|Rathayibacter|Rathayibacter_toxicus_WAC7056|28442
WP_027692178.1|csp22_consensus|Full_Seq|Rathayibacter|Rathayibacter_toxicus_DSM7488|1842	WP_027692474.1|csp22_consensus|Full_Seq|Rathayibacter|Rathayibacter_toxicus_WAC7056|28444
WP_027692178.1|csp22_consensus|Full_Seq|Rathayibacter|Rathayibacter_toxicus_DSM7488|1842	WP_027692178.1|csp22_consensus|Full_Seq|Rathayibacter|Rathayibacter_toxicus_WA40-23C|28446
WP_027692178.1|csp22_consensus|Full_Seq|Rathayibacter|Rathayibacter_toxicus_DSM7488|1842	WP_027692474.1|csp22_consensus|Full_Seq|Rathayibacter|Rathayibacter_toxicus_WA40-23C|28448
WP_027692178.1|csp22_consensus|Full_Seq|Rathayibacter|Rathayibacter_toxicus_DSM7488|1842	WP_027692178.1|csp22_consensus|Full_Seq|Rathayibacter|Rathayibacter_toxicus_SA19-14|28450
WP_027692178.1|csp22_consensus|Full_Seq|Rathayibacter|Rathayibacter_toxicus_DSM7488|1842	WP_027692474.1|csp22_consensus|Full_Seq|Rathayibacter|Rathayibacter_toxicus_SA19-14|28452
WP_027692178.1|csp22_consensus|Full_Seq|Rathayibacter|Rathayibacter_toxicus_DSM7488|1842	WP_027692178.1|csp22_consensus|Full_Seq|Rathayibacter|Rathayibacter_toxicus_SA19-06|28454
WP_027692178.1|csp22_consensus|Full_Seq|Rathayibacter|Rathayibacter_toxicus_DSM7488|1842	WP_027692474.1|csp22_consensus|Full_Seq|Rathayibacter|Rathayibacter_toxicus_SA19-06|28456
WP_027692178.1|csp22_consensus|Full_Seq|Rathayibacter|Rathayibacter_toxicus_DSM7488|1842	WP_027692178.1|csp22_consensus|Full_Seq|Rathayibacter|Rathayibacter_toxicus_SA19-02|28458
WP_027692178.1|csp22_consensus|Full_Seq|Rathayibacter|Rathayibacter_toxicus_DSM7488|1842	WP_027692474.1|csp22_consensus|Full_Seq|Rathayibacter|Rathayibacter_toxicus_SA19-02|28460
WP_027692178.1|csp22_consensus|Full_Seq|Rathayibacter|Rathayibacter_toxicus_DSM7488|1842	WP_027692178.1|csp22_consensus|Full_Seq|Rathayibacter|Rathayibacter_toxicus_SA08-09|28462
WP_027692178.1|csp22_consensus|Full_Seq|Rathayibacter|Rathayibacter_toxicus_DSM7488|1842	WP_027692474.1|csp22_consensus|Full_Seq|Rathayibacter|Rathayibacter_toxicus_SA08-09|28464
WP_027692178.1|csp22_consensus|Full_Seq|Rathayibacter|Rathayibacter_toxicus_DSM7488|1842	WP_027692178.1|csp22_consensus|Full_Seq|Rathayibacter|Rathayibacter_toxicus_SA08-08|28466
WP_027692178.1|csp22_consensus|Full_Seq|Rathayibacter|Rathayibacter_toxicus_DSM7488|1842	WP_027692474.1|csp22_consensus|Full_Seq|Rathayibacter|Rathayibacter_toxicus_SA08-08|28468
WP_027692178.1|csp22_consensus|Full_Seq|Rathayibacter|Rathayibacter_toxicus_DSM7488|1842	WP_027692178.1|csp22_consensus|Full_Seq|Rathayibacter|Rathayibacter_toxicus_SA03-19|28470
WP_027692178.1|csp22_consensus|Full_Seq|Rathayibacter|Rathayibacter_toxicus_DSM7488|1842	WP_027692474.1|csp22_consensus|Full_Seq|Rathayibacter|Rathayibacter_toxicus_SA03-19|28472
WP_027692178.1|csp22_consensus|Full_Seq|Rathayibacter|Rathayibacter_toxicus_DSM7488|1842	WP_027692178.1|csp22_consensus|Full_Seq|Rathayibacter|Rathayibacter_toxicus_SA03-14|28474
WP_027692178.1|csp22_consensus|Full_Seq|Rathayibacter|Rathayibacter_toxicus_DSM7488|1842	WP_027692474.1|csp22_consensus|Full_Seq|Rathayibacter|Rathayibacter_toxicus_SA03-14|28476
WP_027692178.1|csp22_consensus|Full_Seq|Rathayibacter|Rathayibacter_toxicus_DSM7488|1842	WP_027692178.1|csp22_consensus|Full_Seq|Rathayibacter|Rathayibacter_toxicus_SA03-04|28478
WP_027692178.1|csp22_consensus|Full_Seq|Rathayibacter|Rathayibacter_toxicus_DSM7488|1842	WP_027692474.1|csp22_consensus|Full_Seq|Rathayibacter|Rathayibacter_toxicus_SA03-04|28480
WP_027692178.1|csp22_consensus|Full_Seq|Rathayibacter|Rathayibacter_toxicus_DSM7488|1842	WP_027692178.1|csp22_consensus|Full_Seq|Rathayibacter|Rathayibacter_toxicus_CS39|28482
WP_027692178.1|csp22_consensus|Full_Seq|Rathayibacter|Rathayibacter_toxicus_DSM7488|1842	WP_027692474.1|csp22_consensus|Full_Seq|Rathayibacter|Rathayibacter_toxicus_CS39|28484
WP_027692178.1|csp22_consensus|Full_Seq|Rathayibacter|Rathayibacter_toxicus_DSM7488|1842	WP_027692178.1|csp22_consensus|Full_Seq|Rathayibacter|Rathayibacter_toxicus_CS36|28486
WP_027692178.1|csp22_consensus|Full_Seq|Rathayibacter|Rathayibacter_toxicus_DSM7488|1842	WP_027692474.1|csp22_consensus|Full_Seq|Rathayibacter|Rathayibacter_toxicus_CS36|28488
WP_027692178.1|csp22_consensus|Full_Seq|Rathayibacter|Rathayibacter_toxicus_DSM7488|1842	WP_027692178.1|csp22_consensus|Full_Seq|Rathayibacter|Rathayibacter_toxicus_CS28|28490
WP_027692178.1|csp22_consensus|Full_Seq|Rathayibacter|Rathayibacter_toxicus_DSM7488|1842	WP_027692474.1|csp22_consensus|Full_Seq|Rathayibacter|Rathayibacter_toxicus_CS28|28492
WP_027692178.1|csp22_consensus|Full_Seq|Rathayibacter|Rathayibacter_toxicus_DSM7488|1842	WP_055786246.1|csp22_consensus|Full_Seq|Rathayibacter|Rathayibacter_oskolensis_VKMAc-2121|30078
WP_027692178.1|csp22_consensus|Full_Seq|Rathayibacter|Rathayibacter_toxicus_DSM7488|1842	WP_056036943.1|csp22_consensus|Full_Seq|Rathayibacter|Rathayibacter_oskolensis_VKMAc-2121|30079
WP_027692469.1|csp22_consensus|Full_Seq|Rathayibacter|Rathayibacter_toxicus_DSM7488|1843	WP_027692469.1|csp22_consensus|Full_Seq|Rathayibacter|Rathayibacter_toxicus_DSM7488|1843
WP_027692469.1|csp22_consensus|Full_Seq|Rathayibacter|Rathayibacter_toxicus_DSM7488|1843	WP_027692469.1|csp22_consensus|Full_Seq|Rathayibacter|Rathayibacter_toxicus_70137|3629
WP_027692469.1|csp22_consensus|Full_Seq|Rathayibacter|Rathayibacter_toxicus_DSM7488|1843	WP_056036929.1|csp22_consensus|Full_Seq|Rathayibacter|Rathayibacter_spp_Leaf294|5673
WP_027692469.1|csp22_consensus|Full_Seq|Rathayibacter|Rathayibacter_toxicus_DSM7488|1843	WP_055787734.1|csp22_consensus|Full_Seq|Rathayibacter|Rathayibacter_spp_Leaf296|5679
WP_027692469.1|csp22_consensus|Full_Seq|Rathayibacter|Rathayibacter_toxicus_DSM7488|1843	WP_055787734.1|csp22_consensus|Full_Seq|Rathayibacter|Rathayibacter_spp_Leaf299|5683
WP_027692469.1|csp22_consensus|Full_Seq|Rathayibacter|Rathayibacter_toxicus_DSM7488|1843	WP_056036929.1|csp22_consensus|Full_Seq|Rathayibacter|Rathayibacter_spp_Leaf185|5715
WP_027692469.1|csp22_consensus|Full_Seq|Rathayibacter|Rathayibacter_toxicus_DSM7488|1843	WP_027692469.1|csp22_consensus|Full_Seq|Rathayibacter|Rathayibacter_toxicus_WAC3373|5988
WP_027692469.1|csp22_consensus|Full_Seq|Rathayibacter|Rathayibacter_toxicus_DSM7488|1843	WP_068210460.1|csp22_consensus|Full_Seq|Rathayibacter|Rathayibacter_tanaceti_VKMAc-2596|6636
WP_027692469.1|csp22_consensus|Full_Seq|Rathayibacter|Rathayibacter_toxicus_DSM7488|1843	WP_068251819.1|csp22_consensus|Full_Seq|Rathayibacter|Rathayibacter_tritici_NCPPB1953|6641
WP_027692469.1|csp22_consensus|Full_Seq|Rathayibacter|Rathayibacter_toxicus_DSM7488|1843	WP_104318217.1|csp22_consensus|Full_Seq|Rathayibacter|Rathayibacter_rathayi_AY1I9|10513
WP_027692469.1|csp22_consensus|Full_Seq|Rathayibacter|Rathayibacter_toxicus_DSM7488|1843	WP_104224602.1|csp22_consensus|Full_Seq|Rathayibacter|Rathayibacter_spp_AY1A7|10517
WP_027692469.1|csp22_consensus|Full_Seq|Rathayibacter|Rathayibacter_toxicus_DSM7488|1843	WP_104224602.1|csp22_consensus|Full_Seq|Rathayibacter|Rathayibacter_spp_AY1A5|10521
WP_027692469.1|csp22_consensus|Full_Seq|Rathayibacter|Rathayibacter_toxicus_DSM7488|1843	WP_104224602.1|csp22_consensus|Full_Seq|Rathayibacter|Rathayibacter_spp_AY1F2|10525
WP_027692469.1|csp22_consensus|Full_Seq|Rathayibacter|Rathayibacter_toxicus_DSM7488|1843	WP_104315866.1|csp22_consensus|Full_Seq|Rathayibacter|Rathayibacter_rathayi_AY1E7|10529
WP_027692469.1|csp22_consensus|Full_Seq|Rathayibacter|Rathayibacter_toxicus_DSM7488|1843	WP_104224602.1|csp22_consensus|Full_Seq|Rathayibacter|Rathayibacter_spp_AY1A2|10533
WP_027692469.1|csp22_consensus|Full_Seq|Rathayibacter|Rathayibacter_toxicus_DSM7488|1843	WP_104224602.1|csp22_consensus|Full_Seq|Rathayibacter|Rathayibacter_spp_AY1A4|10537
WP_027692469.1|csp22_consensus|Full_Seq|Rathayibacter|Rathayibacter_toxicus_DSM7488|1843	WP_104224602.1|csp22_consensus|Full_Seq|Rathayibacter|Rathayibacter_spp_AY1A3|10541
WP_027692469.1|csp22_consensus|Full_Seq|Rathayibacter|Rathayibacter_toxicus_DSM7488|1843	WP_068251819.1|csp22_consensus|Full_Seq|Rathayibacter|Rathayibacter_tritici_ATCC11402|10545
WP_027692469.1|csp22_consensus|Full_Seq|Rathayibacter|Rathayibacter_toxicus_DSM7488|1843	WP_104224602.1|csp22_consensus|Full_Seq|Rathayibacter|Rathayibacter_spp_AY1A1|10549
WP_027692469.1|csp22_consensus|Full_Seq|Rathayibacter|Rathayibacter_toxicus_DSM7488|1843	WP_055777724.1|csp22_consensus|Full_Seq|Rathayibacter|Rathayibacter_spp_AY2B8|10553
WP_027692469.1|csp22_consensus|Full_Seq|Rathayibacter|Rathayibacter_toxicus_DSM7488|1843	WP_097167559.1|csp22_consensus|Full_Seq|Rathayibacter|Rathayibacter_rathayi_AY2A5|10557
WP_027692469.1|csp22_consensus|Full_Seq|Rathayibacter|Rathayibacter_toxicus_DSM7488|1843	WP_104224602.1|csp22_consensus|Full_Seq|Rathayibacter|Rathayibacter_spp_AY1E6|10561
WP_027692469.1|csp22_consensus|Full_Seq|Rathayibacter|Rathayibacter_toxicus_DSM7488|1843	WP_104224602.1|csp22_consensus|Full_Seq|Rathayibacter|Rathayibacter_spp_AY1C2|10576
WP_027692469.1|csp22_consensus|Full_Seq|Rathayibacter|Rathayibacter_toxicus_DSM7488|1843	WP_097167559.1|csp22_consensus|Full_Seq|Rathayibacter|Rathayibacter_rathayi_AY2A3|10580
WP_027692469.1|csp22_consensus|Full_Seq|Rathayibacter|Rathayibacter_toxicus_DSM7488|1843	WP_068251819.1|csp22_consensus|Full_Seq|Rathayibacter|Rathayibacter_tritici_GSPB2752|10584
WP_027692469.1|csp22_consensus|Full_Seq|Rathayibacter|Rathayibacter_toxicus_DSM7488|1843	WP_104224602.1|csp22_consensus|Full_Seq|Rathayibacter|Rathayibacter_spp_AY2B1|10592
WP_027692469.1|csp22_consensus|Full_Seq|Rathayibacter|Rathayibacter_toxicus_DSM7488|1843	WP_104224602.1|csp22_consensus|Full_Seq|Rathayibacter|Rathayibacter_spp_AY1E8|10600
WP_027692469.1|csp22_consensus|Full_Seq|Rathayibacter|Rathayibacter_toxicus_DSM7488|1843	WP_097167559.1|csp22_consensus|Full_Seq|Rathayibacter|Rathayibacter_rathayi_AY2A9|10604
WP_027692469.1|csp22_consensus|Full_Seq|Rathayibacter|Rathayibacter_toxicus_DSM7488|1843	WP_068251819.1|csp22_consensus|Full_Seq|Rathayibacter|Rathayibacter_tritici_GSPB2748|10608
WP_027692469.1|csp22_consensus|Full_Seq|Rathayibacter|Rathayibacter_toxicus_DSM7488|1843	WP_104224602.1|csp22_consensus|Full_Seq|Rathayibacter|Rathayibacter_spp_AY1C6|10612
WP_027692469.1|csp22_consensus|Full_Seq|Rathayibacter|Rathayibacter_toxicus_DSM7488|1843	WP_104224602.1|csp22_consensus|Full_Seq|Rathayibacter|Rathayibacter_spp_AY2B9|10616
WP_027692469.1|csp22_consensus|Full_Seq|Rathayibacter|Rathayibacter_toxicus_DSM7488|1843	WP_027692469.1|csp22_consensus|Full_Seq|Rathayibacter|Rathayibacter_toxicus_FH149|10618
WP_027692469.1|csp22_consensus|Full_Seq|Rathayibacter|Rathayibacter_toxicus_DSM7488|1843	WP_104224602.1|csp22_consensus|Full_Seq|Rathayibacter|Rathayibacter_spp_AY2B7|10624
WP_027692469.1|csp22_consensus|Full_Seq|Rathayibacter|Rathayibacter_toxicus_DSM7488|1843	WP_104224602.1|csp22_consensus|Full_Seq|Rathayibacter|Rathayibacter_spp_AY2B5|10627
WP_027692469.1|csp22_consensus|Full_Seq|Rathayibacter|Rathayibacter_toxicus_DSM7488|1843	WP_097167559.1|csp22_consensus|Full_Seq|Rathayibacter|Rathayibacter_rathayi_AY2B6|10632
WP_027692469.1|csp22_consensus|Full_Seq|Rathayibacter|Rathayibacter_toxicus_DSM7488|1843	WP_104224602.1|csp22_consensus|Full_Seq|Rathayibacter|Rathayibacter_spp_AY1E9|10636
WP_027692469.1|csp22_consensus|Full_Seq|Rathayibacter|Rathayibacter_toxicus_DSM7488|1843	WP_104224602.1|csp22_consensus|Full_Seq|Rathayibacter|Rathayibacter_spp_AY1C5|10640
WP_027692469.1|csp22_consensus|Full_Seq|Rathayibacter|Rathayibacter_toxicus_DSM7488|1843	WP_104315866.1|csp22_consensus|Full_Seq|Rathayibacter|Rathayibacter_rathayi_AY2B4|10644
WP_027692469.1|csp22_consensus|Full_Seq|Rathayibacter|Rathayibacter_toxicus_DSM7488|1843	WP_104224602.1|csp22_consensus|Full_Seq|Rathayibacter|Rathayibacter_spp_AY2B3|10647
WP_027692469.1|csp22_consensus|Full_Seq|Rathayibacter|Rathayibacter_toxicus_DSM7488|1843	WP_104224602.1|csp22_consensus|Full_Seq|Rathayibacter|Rathayibacter_spp_AY1F4|10652
WP_027692469.1|csp22_consensus|Full_Seq|Rathayibacter|Rathayibacter_toxicus_DSM7488|1843	WP_027692469.1|csp22_consensus|Full_Seq|Rathayibacter|Rathayibacter_toxicus_FH81|10654
WP_027692469.1|csp22_consensus|Full_Seq|Rathayibacter|Rathayibacter_toxicus_DSM7488|1843	WP_097167559.1|csp22_consensus|Full_Seq|Rathayibacter|Rathayibacter_rathayi_ICMP2576|10660
WP_027692469.1|csp22_consensus|Full_Seq|Rathayibacter|Rathayibacter_toxicus_DSM7488|1843	WP_104224602.1|csp22_consensus|Full_Seq|Rathayibacter|Rathayibacter_spp_AY1E5|10664
WP_027692469.1|csp22_consensus|Full_Seq|Rathayibacter|Rathayibacter_toxicus_DSM7488|1843	WP_097167559.1|csp22_consensus|Full_Seq|Rathayibacter|Rathayibacter_rathayi_ICMP2572|10668
WP_027692469.1|csp22_consensus|Full_Seq|Rathayibacter|Rathayibacter_toxicus_DSM7488|1843	WP_104224602.1|csp22_consensus|Full_Seq|Rathayibacter|Rathayibacter_spp_AY1C7|10672
WP_027692469.1|csp22_consensus|Full_Seq|Rathayibacter|Rathayibacter_toxicus_DSM7488|1843	WP_104315866.1|csp22_consensus|Full_Seq|Rathayibacter|Rathayibacter_rathayi_AY1H7|10676
WP_027692469.1|csp22_consensus|Full_Seq|Rathayibacter|Rathayibacter_toxicus_DSM7488|1843	WP_104315866.1|csp22_consensus|Full_Seq|Rathayibacter|Rathayibacter_rathayi_AY1H6|10680
WP_027692469.1|csp22_consensus|Full_Seq|Rathayibacter|Rathayibacter_toxicus_DSM7488|1843	WP_104315866.1|csp22_consensus|Full_Seq|Rathayibacter|Rathayibacter_rathayi_AY1H5|10684
WP_027692469.1|csp22_consensus|Full_Seq|Rathayibacter|Rathayibacter_toxicus_DSM7488|1843	WP_104315866.1|csp22_consensus|Full_Seq|Rathayibacter|Rathayibacter_rathayi_AY1C8|10688
WP_027692469.1|csp22_consensus|Full_Seq|Rathayibacter|Rathayibacter_toxicus_DSM7488|1843	WP_104224602.1|csp22_consensus|Full_Seq|Rathayibacter|Rathayibacter_spp_AY1F3|10692
WP_027692469.1|csp22_consensus|Full_Seq|Rathayibacter|Rathayibacter_toxicus_DSM7488|1843	WP_104224602.1|csp22_consensus|Full_Seq|Rathayibacter|Rathayibacter_spp_AY1H2|10696
WP_027692469.1|csp22_consensus|Full_Seq|Rathayibacter|Rathayibacter_toxicus_DSM7488|1843	WP_104224602.1|csp22_consensus|Full_Seq|Rathayibacter|Rathayibacter_spp_AY1H3|10700
WP_027692469.1|csp22_consensus|Full_Seq|Rathayibacter|Rathayibacter_toxicus_DSM7488|1843	WP_104224602.1|csp22_consensus|Full_Seq|Rathayibacter|Rathayibacter_spp_AY1F6|10704
WP_027692469.1|csp22_consensus|Full_Seq|Rathayibacter|Rathayibacter_toxicus_DSM7488|1843	WP_104224602.1|csp22_consensus|Full_Seq|Rathayibacter|Rathayibacter_spp_AY1G9|10708
WP_027692469.1|csp22_consensus|Full_Seq|Rathayibacter|Rathayibacter_toxicus_DSM7488|1843	WP_097167559.1|csp22_consensus|Full_Seq|Rathayibacter|Rathayibacter_rathayi_AY1G7|10712
WP_027692469.1|csp22_consensus|Full_Seq|Rathayibacter|Rathayibacter_toxicus_DSM7488|1843	WP_104224602.1|csp22_consensus|Full_Seq|Rathayibacter|Rathayibacter_spp_AY1G1|10715
WP_027692469.1|csp22_consensus|Full_Seq|Rathayibacter|Rathayibacter_toxicus_DSM7488|1843	WP_104224602.1|csp22_consensus|Full_Seq|Rathayibacter|Rathayibacter_spp_AY1C1|10720
WP_027692469.1|csp22_consensus|Full_Seq|Rathayibacter|Rathayibacter_toxicus_DSM7488|1843	WP_104315866.1|csp22_consensus|Full_Seq|Rathayibacter|Rathayibacter_rathayi_AY1G4|10724
WP_027692469.1|csp22_consensus|Full_Seq|Rathayibacter|Rathayibacter_toxicus_DSM7488|1843	WP_104224602.1|csp22_consensus|Full_Seq|Rathayibacter|Rathayibacter_spp_AY1F9|10728
WP_027692469.1|csp22_consensus|Full_Seq|Rathayibacter|Rathayibacter_toxicus_DSM7488|1843	WP_104263058.1|csp22_consensus|Full_Seq|Rathayibacter|Rathayibacter_spp_AY1F8|10732
WP_027692469.1|csp22_consensus|Full_Seq|Rathayibacter|Rathayibacter_toxicus_DSM7488|1843	WP_104224602.1|csp22_consensus|Full_Seq|Rathayibacter|Rathayibacter_spp_AY1C4|10736
WP_027692469.1|csp22_consensus|Full_Seq|Rathayibacter|Rathayibacter_toxicus_DSM7488|1843	WP_104224602.1|csp22_consensus|Full_Seq|Rathayibacter|Rathayibacter_spp_AY1F7|10740
WP_027692469.1|csp22_consensus|Full_Seq|Rathayibacter|Rathayibacter_toxicus_DSM7488|1843	WP_104224602.1|csp22_consensus|Full_Seq|Rathayibacter|Rathayibacter_spp_AY1E3|10743
WP_027692469.1|csp22_consensus|Full_Seq|Rathayibacter|Rathayibacter_toxicus_DSM7488|1843	WP_104315192.1|csp22_consensus|Full_Seq|Rathayibacter|Rathayibacter_spp_AY1E4|10748
WP_027692469.1|csp22_consensus|Full_Seq|Rathayibacter|Rathayibacter_toxicus_DSM7488|1843	WP_104224602.1|csp22_consensus|Full_Seq|Rathayibacter|Rathayibacter_spp_AY1C3|10752
WP_027692469.1|csp22_consensus|Full_Seq|Rathayibacter|Rathayibacter_toxicus_DSM7488|1843	WP_027692469.1|csp22_consensus|Full_Seq|Rathayibacter|Rathayibacter_toxicus_FH78|10754
WP_027692469.1|csp22_consensus|Full_Seq|Rathayibacter|Rathayibacter_toxicus_DSM7488|1843	WP_104224602.1|csp22_consensus|Full_Seq|Rathayibacter|Rathayibacter_spp_AY1C9|10760
WP_027692469.1|csp22_consensus|Full_Seq|Rathayibacter|Rathayibacter_toxicus_DSM7488|1843	WP_104224602.1|csp22_consensus|Full_Seq|Rathayibacter|Rathayibacter_spp_AY1E2|10764
WP_027692469.1|csp22_consensus|Full_Seq|Rathayibacter|Rathayibacter_toxicus_DSM7488|1843	WP_104224602.1|csp22_consensus|Full_Seq|Rathayibacter|Rathayibacter_spp_AY1E1|10768
WP_027692469.1|csp22_consensus|Full_Seq|Rathayibacter|Rathayibacter_toxicus_DSM7488|1843	WP_097167559.1|csp22_consensus|Full_Seq|Rathayibacter|Rathayibacter_rathayi_AY1D8|10772
WP_027692469.1|csp22_consensus|Full_Seq|Rathayibacter|Rathayibacter_toxicus_DSM7488|1843	WP_104224602.1|csp22_consensus|Full_Seq|Rathayibacter|Rathayibacter_spp_AY1D9|10776
WP_027692469.1|csp22_consensus|Full_Seq|Rathayibacter|Rathayibacter_toxicus_DSM7488|1843	WP_027692469.1|csp22_consensus|Full_Seq|Rathayibacter|Rathayibacter_toxicus_FH183|10778
WP_027692469.1|csp22_consensus|Full_Seq|Rathayibacter|Rathayibacter_toxicus_DSM7488|1843	WP_104224602.1|csp22_consensus|Full_Seq|Rathayibacter|Rathayibacter_spp_AY1D7|10784
WP_027692469.1|csp22_consensus|Full_Seq|Rathayibacter|Rathayibacter_toxicus_DSM7488|1843	WP_027692469.1|csp22_consensus|Full_Seq|Rathayibacter|Rathayibacter_toxicus_FH146|10786
WP_027692469.1|csp22_consensus|Full_Seq|Rathayibacter|Rathayibacter_toxicus_DSM7488|1843	WP_027692469.1|csp22_consensus|Full_Seq|Rathayibacter|Rathayibacter_toxicus_FH86|10790
WP_027692469.1|csp22_consensus|Full_Seq|Rathayibacter|Rathayibacter_toxicus_DSM7488|1843	WP_027692469.1|csp22_consensus|Full_Seq|Rathayibacter|Rathayibacter_toxicus_FH85|10794
WP_027692469.1|csp22_consensus|Full_Seq|Rathayibacter|Rathayibacter_toxicus_DSM7488|1843	WP_104224602.1|csp22_consensus|Full_Seq|Rathayibacter|Rathayibacter_spp_AY1D5|10800
WP_027692469.1|csp22_consensus|Full_Seq|Rathayibacter|Rathayibacter_toxicus_DSM7488|1843	WP_097167559.1|csp22_consensus|Full_Seq|Rathayibacter|Rathayibacter_rathayi_AY1D6|10804
WP_027692469.1|csp22_consensus|Full_Seq|Rathayibacter|Rathayibacter_toxicus_DSM7488|1843	WP_104263058.1|csp22_consensus|Full_Seq|Rathayibacter|Rathayibacter_spp_AY1D4|10808
WP_027692469.1|csp22_consensus|Full_Seq|Rathayibacter|Rathayibacter_toxicus_DSM7488|1843	WP_027692469.1|csp22_consensus|Full_Seq|Rathayibacter|Rathayibacter_toxicus_FH145|10810
WP_027692469.1|csp22_consensus|Full_Seq|Rathayibacter|Rathayibacter_toxicus_DSM7488|1843	WP_104263058.1|csp22_consensus|Full_Seq|Rathayibacter|Rathayibacter_spp_AY1D3|10816
WP_027692469.1|csp22_consensus|Full_Seq|Rathayibacter|Rathayibacter_toxicus_DSM7488|1843	WP_027692469.1|csp22_consensus|Full_Seq|Rathayibacter|Rathayibacter_toxicus_FH142|10818
WP_027692469.1|csp22_consensus|Full_Seq|Rathayibacter|Rathayibacter_toxicus_DSM7488|1843	WP_104224602.1|csp22_consensus|Full_Seq|Rathayibacter|Rathayibacter_spp_AY1D1|10824
WP_027692469.1|csp22_consensus|Full_Seq|Rathayibacter|Rathayibacter_toxicus_DSM7488|1843	WP_027692469.1|csp22_consensus|Full_Seq|Rathayibacter|Rathayibacter_toxicus_FH82|10826
WP_027692469.1|csp22_consensus|Full_Seq|Rathayibacter|Rathayibacter_toxicus_DSM7488|1843	WP_097167559.1|csp22_consensus|Full_Seq|Rathayibacter|Rathayibacter_rathayi_AY1B9|10832
WP_027692469.1|csp22_consensus|Full_Seq|Rathayibacter|Rathayibacter_toxicus_DSM7488|1843	WP_104224602.1|csp22_consensus|Full_Seq|Rathayibacter|Rathayibacter_spp_AY1D2|10836
WP_027692469.1|csp22_consensus|Full_Seq|Rathayibacter|Rathayibacter_toxicus_DSM7488|1843	WP_027692469.1|csp22_consensus|Full_Seq|Rathayibacter|Rathayibacter_toxicus_FH147|10838
WP_027692469.1|csp22_consensus|Full_Seq|Rathayibacter|Rathayibacter_toxicus_DSM7488|1843	WP_104224602.1|csp22_consensus|Full_Seq|Rathayibacter|Rathayibacter_spp_AY1B7|10844
WP_027692469.1|csp22_consensus|Full_Seq|Rathayibacter|Rathayibacter_toxicus_DSM7488|1843	WP_104224602.1|csp22_consensus|Full_Seq|Rathayibacter|Rathayibacter_spp_AY1B6|10847
WP_027692469.1|csp22_consensus|Full_Seq|Rathayibacter|Rathayibacter_toxicus_DSM7488|1843	WP_104224602.1|csp22_consensus|Full_Seq|Rathayibacter|Rathayibacter_spp_AY1B8|10852
WP_027692469.1|csp22_consensus|Full_Seq|Rathayibacter|Rathayibacter_toxicus_DSM7488|1843	WP_104282144.1|csp22_consensus|Full_Seq|Rathayibacter|Rathayibacter_spp_AY1B5|10856
WP_027692469.1|csp22_consensus|Full_Seq|Rathayibacter|Rathayibacter_toxicus_DSM7488|1843	WP_104224602.1|csp22_consensus|Full_Seq|Rathayibacter|Rathayibacter_spp_AY1B4|10860
WP_027692469.1|csp22_consensus|Full_Seq|Rathayibacter|Rathayibacter_toxicus_DSM7488|1843	WP_104224602.1|csp22_consensus|Full_Seq|Rathayibacter|Rathayibacter_spp_AY1B1|10863
WP_027692469.1|csp22_consensus|Full_Seq|Rathayibacter|Rathayibacter_toxicus_DSM7488|1843	WP_104224602.1|csp22_consensus|Full_Seq|Rathayibacter|Rathayibacter_spp_TRS19|10868
WP_027692469.1|csp22_consensus|Full_Seq|Rathayibacter|Rathayibacter_toxicus_DSM7488|1843	WP_068251819.1|csp22_consensus|Full_Seq|Rathayibacter|Rathayibacter_tritici_DSM7486|10872
WP_027692469.1|csp22_consensus|Full_Seq|Rathayibacter|Rathayibacter_toxicus_DSM7488|1843	WP_097167559.1|csp22_consensus|Full_Seq|Rathayibacter|Rathayibacter_rathayi_AY1A8|10876
WP_027692469.1|csp22_consensus|Full_Seq|Rathayibacter|Rathayibacter_toxicus_DSM7488|1843	WP_104224602.1|csp22_consensus|Full_Seq|Rathayibacter|Rathayibacter_spp_RFBD1|10880
WP_027692469.1|csp22_consensus|Full_Seq|Rathayibacter|Rathayibacter_toxicus_DSM7488|1843	WP_027692469.1|csp22_consensus|Full_Seq|Rathayibacter|Rathayibacter_toxicus_FH89|10882
WP_027692469.1|csp22_consensus|Full_Seq|Rathayibacter|Rathayibacter_toxicus_DSM7488|1843	WP_068251819.1|csp22_consensus|Full_Seq|Rathayibacter|Rathayibacter_tritici_ICMP2628|10888
WP_027692469.1|csp22_consensus|Full_Seq|Rathayibacter|Rathayibacter_toxicus_DSM7488|1843	WP_104265064.1|csp22_consensus|Full_Seq|Rathayibacter|Rathayibacter_iranicus_FH154|10889
WP_027692469.1|csp22_consensus|Full_Seq|Rathayibacter|Rathayibacter_toxicus_DSM7488|1843	WP_027692469.1|csp22_consensus|Full_Seq|Rathayibacter|Rathayibacter_toxicus_FH99|10894
WP_027692469.1|csp22_consensus|Full_Seq|Rathayibacter|Rathayibacter_toxicus_DSM7488|1843	WP_027692469.1|csp22_consensus|Full_Seq|Rathayibacter|Rathayibacter_toxicus_FH141|10898
WP_027692469.1|csp22_consensus|Full_Seq|Rathayibacter|Rathayibacter_toxicus_DSM7488|1843	WP_104265064.1|csp22_consensus|Full_Seq|Rathayibacter|Rathayibacter_iranicus_DSM7484|10901
WP_027692469.1|csp22_consensus|Full_Seq|Rathayibacter|Rathayibacter_toxicus_DSM7488|1843	WP_027692469.1|csp22_consensus|Full_Seq|Rathayibacter|Rathayibacter_toxicus_FH138|10906
WP_027692469.1|csp22_consensus|Full_Seq|Rathayibacter|Rathayibacter_toxicus_DSM7488|1843	WP_027692469.1|csp22_consensus|Full_Seq|Rathayibacter|Rathayibacter_toxicus_FH140|10910
WP_027692469.1|csp22_consensus|Full_Seq|Rathayibacter|Rathayibacter_toxicus_DSM7488|1843	WP_027692469.1|csp22_consensus|Full_Seq|Rathayibacter|Rathayibacter_toxicus_FH139|10914
WP_027692469.1|csp22_consensus|Full_Seq|Rathayibacter|Rathayibacter_toxicus_DSM7488|1843	WP_104265064.1|csp22_consensus|Full_Seq|Rathayibacter|Rathayibacter_iranicus_TRS5|10917
WP_027692469.1|csp22_consensus|Full_Seq|Rathayibacter|Rathayibacter_toxicus_DSM7488|1843	WP_027692469.1|csp22_consensus|Full_Seq|Rathayibacter|Rathayibacter_toxicus_FH128|10922
WP_027692469.1|csp22_consensus|Full_Seq|Rathayibacter|Rathayibacter_toxicus_DSM7488|1843	WP_027692469.1|csp22_consensus|Full_Seq|Rathayibacter|Rathayibacter_toxicus_FH137|10926
WP_027692469.1|csp22_consensus|Full_Seq|Rathayibacter|Rathayibacter_toxicus_DSM7488|1843	WP_104318217.1|csp22_consensus|Full_Seq|Rathayibacter|Rathayibacter_rathayi_Z022|10932
WP_027692469.1|csp22_consensus|Full_Seq|Rathayibacter|Rathayibacter_toxicus_DSM7488|1843	WP_097167559.1|csp22_consensus|Full_Seq|Rathayibacter|Rathayibacter_rathayi_Z015|10936
WP_027692469.1|csp22_consensus|Full_Seq|Rathayibacter|Rathayibacter_toxicus_DSM7488|1843	WP_104315866.1|csp22_consensus|Full_Seq|Rathayibacter|Rathayibacter_rathayi_Z007|10940
WP_027692469.1|csp22_consensus|Full_Seq|Rathayibacter|Rathayibacter_toxicus_DSM7488|1843	WP_027692469.1|csp22_consensus|Full_Seq|Rathayibacter|Rathayibacter_toxicus_FH100|10942
WP_027692469.1|csp22_consensus|Full_Seq|Rathayibacter|Rathayibacter_toxicus_DSM7488|1843	WP_097167559.1|csp22_consensus|Full_Seq|Rathayibacter|Rathayibacter_rathayi_CS6|10948
WP_027692469.1|csp22_consensus|Full_Seq|Rathayibacter|Rathayibacter_toxicus_DSM7488|1843	WP_055787734.1|csp22_consensus|Full_Seq|Rathayibacter|Rathayibacter_caricis_DSM15933|11428
WP_027692469.1|csp22_consensus|Full_Seq|Rathayibacter|Rathayibacter_toxicus_DSM7488|1843	WP_104265064.1|csp22_consensus|Full_Seq|Rathayibacter|Rathayibacter_iranicus_VKMAc-1602|11671
WP_027692469.1|csp22_consensus|Full_Seq|Rathayibacter|Rathayibacter_toxicus_DSM7488|1843	WP_123733795.1|csp22_consensus|Full_Seq|Rathayibacter|Rathayibacter_spp_PhB152|16304
WP_027692469.1|csp22_consensus|Full_Seq|Rathayibacter|Rathayibacter_toxicus_DSM7488|1843	WP_123702376.1|csp22_consensus|Full_Seq|Rathayibacter|Rathayibacter_spp_PhB127|16314
WP_027692469.1|csp22_consensus|Full_Seq|Rathayibacter|Rathayibacter_toxicus_DSM7488|1843	WP_123445172.1|csp22_consensus|Full_Seq|Rathayibacter|Rathayibacter_spp_PhB185|16325
WP_027692469.1|csp22_consensus|Full_Seq|Rathayibacter|Rathayibacter_toxicus_DSM7488|1843	WP_123445172.1|csp22_consensus|Full_Seq|Rathayibacter|Rathayibacter_spp_PhB186|16336
WP_027692469.1|csp22_consensus|Full_Seq|Rathayibacter|Rathayibacter_toxicus_DSM7488|1843	WP_123445172.1|csp22_consensus|Full_Seq|Rathayibacter|Rathayibacter_spp_PhB93|16347
WP_027692469.1|csp22_consensus|Full_Seq|Rathayibacter|Rathayibacter_toxicus_DSM7488|1843	WP_097167559.1|csp22_consensus|Full_Seq|Rathayibacter|Rathayibacter_rathayi_DSM7485|17177
WP_027692469.1|csp22_consensus|Full_Seq|Rathayibacter|Rathayibacter_toxicus_DSM7488|1843	WP_104265064.1|csp22_consensus|Full_Seq|Rathayibacter|Rathayibacter_iranicus_NCCPB2253|17178
WP_027692469.1|csp22_consensus|Full_Seq|Rathayibacter|Rathayibacter_toxicus_DSM7488|1843	WP_123445172.1|csp22_consensus|Full_Seq|Rathayibacter|Rathayibacter_festucae_DSM15932|17185
WP_027692469.1|csp22_consensus|Full_Seq|Rathayibacter|Rathayibacter_toxicus_DSM7488|1843	WP_123445172.1|csp22_consensus|Full_Seq|Rathayibacter|Rathayibacter_spp_PhB192|17654
WP_027692469.1|csp22_consensus|Full_Seq|Rathayibacter|Rathayibacter_toxicus_DSM7488|1843	WP_123445172.1|csp22_consensus|Full_Seq|Rathayibacter|Rathayibacter_spp_PhB179|17688
WP_027692469.1|csp22_consensus|Full_Seq|Rathayibacter|Rathayibacter_toxicus_DSM7488|1843	WP_123445172.1|csp22_consensus|Full_Seq|Rathayibacter|Rathayibacter_spp_PhB185|17832
WP_027692469.1|csp22_consensus|Full_Seq|Rathayibacter|Rathayibacter_toxicus_DSM7488|1843	WP_123445172.1|csp22_consensus|Full_Seq|Rathayibacter|Rathayibacter_spp_PhB151|17866
WP_027692469.1|csp22_consensus|Full_Seq|Rathayibacter|Rathayibacter_toxicus_DSM7488|1843	WP_097167559.1|csp22_consensus|Full_Seq|Rathayibacter|Rathayibacter_rathayi_VKMAc-1601|19409
WP_027692469.1|csp22_consensus|Full_Seq|Rathayibacter|Rathayibacter_toxicus_DSM7488|1843	WP_056036929.1|csp22_consensus|Full_Seq|Rathayibacter|Rathayibacter_spp_VKMAc-2754|19411
WP_027692469.1|csp22_consensus|Full_Seq|Rathayibacter|Rathayibacter_toxicus_DSM7488|1843	WP_056036929.1|csp22_consensus|Full_Seq|Rathayibacter|Rathayibacter_spp_VKMAc-2803|19415
WP_027692469.1|csp22_consensus|Full_Seq|Rathayibacter|Rathayibacter_toxicus_DSM7488|1843	WP_068210460.1|csp22_consensus|Full_Seq|Rathayibacter|Rathayibacter_tanaceti_VKMAc-2761|19437
WP_027692469.1|csp22_consensus|Full_Seq|Rathayibacter|Rathayibacter_toxicus_DSM7488|1843	WP_159985694.1|csp22_consensus|Full_Seq|Rathayibacter|Rathayibacter_spp_VKMAc-2760|19441
WP_027692469.1|csp22_consensus|Full_Seq|Rathayibacter|Rathayibacter_toxicus_DSM7488|1843	WP_123445172.1|csp22_consensus|Full_Seq|Rathayibacter|Rathayibacter_festucae_VKMAc-2802|19446
WP_027692469.1|csp22_consensus|Full_Seq|Rathayibacter|Rathayibacter_toxicus_DSM7488|1843	WP_056036929.1|csp22_consensus|Full_Seq|Rathayibacter|Rathayibacter_spp_VKMAc-2759|19448
WP_027692469.1|csp22_consensus|Full_Seq|Rathayibacter|Rathayibacter_toxicus_DSM7488|1843	WP_104224602.1|csp22_consensus|Full_Seq|Rathayibacter|Rathayibacter_spp_VKMAc-2801|19453
WP_027692469.1|csp22_consensus|Full_Seq|Rathayibacter|Rathayibacter_toxicus_DSM7488|1843	WP_104224602.1|csp22_consensus|Full_Seq|Rathayibacter|Rathayibacter_spp_VKMAc-2805|19457
WP_027692469.1|csp22_consensus|Full_Seq|Rathayibacter|Rathayibacter_toxicus_DSM7488|1843	WP_104224602.1|csp22_consensus|Full_Seq|Rathayibacter|Rathayibacter_spp_VKMAc-2762|19506
WP_027692469.1|csp22_consensus|Full_Seq|Rathayibacter|Rathayibacter_toxicus_DSM7488|1843	WP_160087822.1|csp22_consensus|Full_Seq|Rathayibacter|Rathayibacter_spp_VKMAc-2804|19511
WP_027692469.1|csp22_consensus|Full_Seq|Rathayibacter|Rathayibacter_toxicus_DSM7488|1843	WP_160087822.1|csp22_consensus|Full_Seq|Rathayibacter|Rathayibacter_spp_VKMAc-2857|21177
WP_027692469.1|csp22_consensus|Full_Seq|Rathayibacter|Rathayibacter_toxicus_DSM7488|1843	WP_160087822.1|csp22_consensus|Full_Seq|Rathayibacter|Rathayibacter_spp_VKMAc-2856|21186
WP_027692469.1|csp22_consensus|Full_Seq|Rathayibacter|Rathayibacter_toxicus_DSM7488|1843	WP_173245593.1|csp22_consensus|Full_Seq|Rathayibacter|Rathayibacter_agropyri_VKMAc-2828|21188
WP_027692469.1|csp22_consensus|Full_Seq|Rathayibacter|Rathayibacter_toxicus_DSM7488|1843	WP_160087822.1|csp22_consensus|Full_Seq|Rathayibacter|Rathayibacter_spp_VKMAc-2835|21192
WP_027692469.1|csp22_consensus|Full_Seq|Rathayibacter|Rathayibacter_toxicus_DSM7488|1843	WP_027692469.1|csp22_consensus|Full_Seq|Rathayibacter|Rathayibacter_toxicus_FH232|24210
WP_027692469.1|csp22_consensus|Full_Seq|Rathayibacter|Rathayibacter_toxicus_DSM7488|1843	WP_194607535.1|csp22_consensus|Full_Seq|Rathayibacter|Rathayibacter_spp_VKMAc-2879|24698
WP_027692469.1|csp22_consensus|Full_Seq|Rathayibacter|Rathayibacter_toxicus_DSM7488|1843	WP_207405920.1|csp22_consensus|Full_Seq|Rathayibacter|Rathayibacter_spp_SD072|27054
WP_027692469.1|csp22_consensus|Full_Seq|Rathayibacter|Rathayibacter_toxicus_DSM7488|1843	WP_027692469.1|csp22_consensus|Full_Seq|Rathayibacter|Rathayibacter_toxicus_WAC7056|28443
WP_027692469.1|csp22_consensus|Full_Seq|Rathayibacter|Rathayibacter_toxicus_DSM7488|1843	WP_027692469.1|csp22_consensus|Full_Seq|Rathayibacter|Rathayibacter_toxicus_WA40-23C|28447
WP_027692469.1|csp22_consensus|Full_Seq|Rathayibacter|Rathayibacter_toxicus_DSM7488|1843	WP_027692469.1|csp22_consensus|Full_Seq|Rathayibacter|Rathayibacter_toxicus_SA19-14|28451
WP_027692469.1|csp22_consensus|Full_Seq|Rathayibacter|Rathayibacter_toxicus_DSM7488|1843	WP_027692469.1|csp22_consensus|Full_Seq|Rathayibacter|Rathayibacter_toxicus_SA19-06|28455
WP_027692469.1|csp22_consensus|Full_Seq|Rathayibacter|Rathayibacter_toxicus_DSM7488|1843	WP_027692469.1|csp22_consensus|Full_Seq|Rathayibacter|Rathayibacter_toxicus_SA19-02|28459
WP_027692469.1|csp22_consensus|Full_Seq|Rathayibacter|Rathayibacter_toxicus_DSM7488|1843	WP_027692469.1|csp22_consensus|Full_Seq|Rathayibacter|Rathayibacter_toxicus_SA08-09|28463
WP_027692469.1|csp22_consensus|Full_Seq|Rathayibacter|Rathayibacter_toxicus_DSM7488|1843	WP_027692469.1|csp22_consensus|Full_Seq|Rathayibacter|Rathayibacter_toxicus_SA08-08|28467
WP_027692469.1|csp22_consensus|Full_Seq|Rathayibacter|Rathayibacter_toxicus_DSM7488|1843	WP_027692469.1|csp22_consensus|Full_Seq|Rathayibacter|Rathayibacter_toxicus_SA03-19|28471
WP_027692469.1|csp22_consensus|Full_Seq|Rathayibacter|Rathayibacter_toxicus_DSM7488|1843	WP_027692469.1|csp22_consensus|Full_Seq|Rathayibacter|Rathayibacter_toxicus_SA03-14|28475
WP_027692469.1|csp22_consensus|Full_Seq|Rathayibacter|Rathayibacter_toxicus_DSM7488|1843	WP_027692469.1|csp22_consensus|Full_Seq|Rathayibacter|Rathayibacter_toxicus_SA03-04|28479
WP_027692469.1|csp22_consensus|Full_Seq|Rathayibacter|Rathayibacter_toxicus_DSM7488|1843	WP_027692469.1|csp22_consensus|Full_Seq|Rathayibacter|Rathayibacter_toxicus_CS39|28483
WP_027692469.1|csp22_consensus|Full_Seq|Rathayibacter|Rathayibacter_toxicus_DSM7488|1843	WP_027692469.1|csp22_consensus|Full_Seq|Rathayibacter|Rathayibacter_toxicus_CS36|28487
WP_027692469.1|csp22_consensus|Full_Seq|Rathayibacter|Rathayibacter_toxicus_DSM7488|1843	WP_027692469.1|csp22_consensus|Full_Seq|Rathayibacter|Rathayibacter_toxicus_CS28|28491
WP_027692469.1|csp22_consensus|Full_Seq|Rathayibacter|Rathayibacter_toxicus_DSM7488|1843	WP_085475164.1|csp22_consensus|Full_Seq|Rathayibacter|Rathayibacter_oskolensis_VKMAc-2121|30081
