WP_015853961.1|csp22_consensus|Full_Seq|Dickeya|Dickeya_paradisiaca_Ech703|94	WP_015853961.1|csp22_consensus|Full_Seq|Dickeya|Dickeya_paradisiaca_Ech703|94
WP_015853961.1|csp22_consensus|Full_Seq|Dickeya|Dickeya_paradisiaca_Ech703|94	WP_012770072.1|csp22_consensus|Full_Seq|Dickeya|Dickeya_chrysanthemi_Ech1591|99
WP_015853961.1|csp22_consensus|Full_Seq|Dickeya|Dickeya_paradisiaca_Ech703|94	WP_012770072.1|csp22_consensus|Full_Seq|Dickeya|Dickeya_zeae_Ech586|119
WP_015853961.1|csp22_consensus|Full_Seq|Dickeya|Dickeya_paradisiaca_Ech703|94	WP_012770072.1|csp22_consensus|Full_Seq|Dickeya|Dickeya_dadantii_3937|257
WP_015853961.1|csp22_consensus|Full_Seq|Dickeya|Dickeya_paradisiaca_Ech703|94	WP_016943744.1|csp22_consensus|Full_Seq|Dickeya|Dickeya_zeae_ZJU1202|619
WP_015853961.1|csp22_consensus|Full_Seq|Dickeya|Dickeya_paradisiaca_Ech703|94	WP_022633331.1|csp22_consensus|Full_Seq|Dickeya|Dickeya_solani_MK10|1390
WP_015853961.1|csp22_consensus|Full_Seq|Dickeya|Dickeya_paradisiaca_Ech703|94	WP_024105688.1|csp22_consensus|Full_Seq|Dickeya|Dickeya_dianthicola_NCPPB453|1400
WP_015853961.1|csp22_consensus|Full_Seq|Dickeya|Dickeya_paradisiaca_Ech703|94	WP_022633331.1|csp22_consensus|Full_Seq|Dickeya|Dickeya_solani_MK16|1407
WP_015853961.1|csp22_consensus|Full_Seq|Dickeya|Dickeya_paradisiaca_Ech703|94	WP_024105688.1|csp22_consensus|Full_Seq|Dickeya|Dickeya_dianthicola_GBBC2039|1415
WP_015853961.1|csp22_consensus|Full_Seq|Dickeya|Dickeya_paradisiaca_Ech703|94	WP_024105688.1|csp22_consensus|Full_Seq|Dickeya|Dickeya_dianthicola_NCPPB3534|1421
WP_015853961.1|csp22_consensus|Full_Seq|Dickeya|Dickeya_paradisiaca_Ech703|94	WP_012770072.1|csp22_consensus|Full_Seq|Dickeya|Dickeya_zeae_MS1|1501
WP_015853961.1|csp22_consensus|Full_Seq|Dickeya|Dickeya_paradisiaca_Ech703|94	WP_015853961.1|csp22_consensus|Full_Seq|Dickeya|Dickeya_paradisiaca_NCPPB2511|1520
WP_015853961.1|csp22_consensus|Full_Seq|Dickeya|Dickeya_paradisiaca_Ech703|94	WP_012770072.1|csp22_consensus|Full_Seq|Dickeya|Dickeya_zeae_NCPPB3532|1525
WP_015853961.1|csp22_consensus|Full_Seq|Dickeya|Dickeya_paradisiaca_Ech703|94	WP_022633331.1|csp22_consensus|Full_Seq|Dickeya|Dickeya_solani_GBBC2040|1533
WP_015853961.1|csp22_consensus|Full_Seq|Dickeya|Dickeya_paradisiaca_Ech703|94	WP_038926430.1|csp22_consensus|Full_Seq|Dickeya|Dickeya_zeae_DZ2Q|1569
WP_015853961.1|csp22_consensus|Full_Seq|Dickeya|Dickeya_paradisiaca_Ech703|94	WP_012770072.1|csp22_consensus|Full_Seq|Dickeya|Dickeya_zeae_CSLRW192|1580
WP_015853961.1|csp22_consensus|Full_Seq|Dickeya|Dickeya_paradisiaca_Ech703|94	WP_012770072.1|csp22_consensus|Full_Seq|Dickeya|Dickeya_chrysanthemi_NCPPB516|1586
WP_015853961.1|csp22_consensus|Full_Seq|Dickeya|Dickeya_paradisiaca_Ech703|94	WP_035342293.1|csp22_consensus|Full_Seq|Dickeya|Dickeya_spp_CSLRW240|1593
WP_015853961.1|csp22_consensus|Full_Seq|Dickeya|Dickeya_paradisiaca_Ech703|94	WP_012770072.1|csp22_consensus|Full_Seq|Dickeya|Dickeya_chrysanthemi_NCPPB402|1600
WP_015853961.1|csp22_consensus|Full_Seq|Dickeya|Dickeya_paradisiaca_Ech703|94	WP_012770072.1|csp22_consensus|Full_Seq|Dickeya|Dickeya_poaceiphila_NCPPB569|1606
WP_015853961.1|csp22_consensus|Full_Seq|Dickeya|Dickeya_paradisiaca_Ech703|94	WP_012770072.1|csp22_consensus|Full_Seq|Dickeya|Dickeya_dadantii_NCPPB898|1610
WP_015853961.1|csp22_consensus|Full_Seq|Dickeya|Dickeya_paradisiaca_Ech703|94	WP_038914074.1|csp22_consensus|Full_Seq|Dickeya|Dickeya_zeae_NCPPB2538|1622
WP_015853961.1|csp22_consensus|Full_Seq|Dickeya|Dickeya_paradisiaca_Ech703|94	WP_022633331.1|csp22_consensus|Full_Seq|Dickeya|Dickeya_spp_NCPPB3274|1635
WP_015853961.1|csp22_consensus|Full_Seq|Dickeya|Dickeya_paradisiaca_Ech703|94	WP_012770072.1|csp22_consensus|Full_Seq|Dickeya|Dickeya_zeae_NCPPB3531|1642
WP_015853961.1|csp22_consensus|Full_Seq|Dickeya|Dickeya_paradisiaca_Ech703|94	WP_012770072.1|csp22_consensus|Full_Seq|Dickeya|Dickeya_chrysanthemi_NCPPB3533|1648
WP_015853961.1|csp22_consensus|Full_Seq|Dickeya|Dickeya_paradisiaca_Ech703|94	WP_012770072.1|csp22_consensus|Full_Seq|Dickeya|Dickeya_dadantii_NCPPB3537|1653
WP_015853961.1|csp22_consensus|Full_Seq|Dickeya|Dickeya_paradisiaca_Ech703|94	WP_035342293.1|csp22_consensus|Full_Seq|Dickeya|Dickeya_spp_DW0440|1661
WP_015853961.1|csp22_consensus|Full_Seq|Dickeya|Dickeya_paradisiaca_Ech703|94	WP_022633331.1|csp22_consensus|Full_Seq|Dickeya|Dickeya_spp_MK7|1670
WP_015853961.1|csp22_consensus|Full_Seq|Dickeya|Dickeya_paradisiaca_Ech703|94	WP_038914074.1|csp22_consensus|Full_Seq|Dickeya|Dickeya_zeae_MK19|1679
WP_015853961.1|csp22_consensus|Full_Seq|Dickeya|Dickeya_paradisiaca_Ech703|94	WP_024105688.1|csp22_consensus|Full_Seq|Dickeya|Dickeya_dianthicola_IPO980|1863
WP_015853961.1|csp22_consensus|Full_Seq|Dickeya|Dickeya_paradisiaca_Ech703|94	WP_022633331.1|csp22_consensus|Full_Seq|Dickeya|Dickeya_fangzhongdai_ND14b|2678
WP_015853961.1|csp22_consensus|Full_Seq|Dickeya|Dickeya_paradisiaca_Ech703|94	WP_022633331.1|csp22_consensus|Full_Seq|Dickeya|Dickeya_fangzhongdai_M074|2917
WP_015853961.1|csp22_consensus|Full_Seq|Dickeya|Dickeya_paradisiaca_Ech703|94	WP_012770072.1|csp22_consensus|Full_Seq|Dickeya|Dickeya_chrysanthemi_L11|2966
WP_015853961.1|csp22_consensus|Full_Seq|Dickeya|Dickeya_paradisiaca_Ech703|94	WP_022633331.1|csp22_consensus|Full_Seq|Dickeya|Dickeya_undicola_2B12|2973
WP_015853961.1|csp22_consensus|Full_Seq|Dickeya|Dickeya_paradisiaca_Ech703|94	WP_022633331.1|csp22_consensus|Full_Seq|Dickeya|Dickeya_fangzhongdai_M005|3129
WP_015853961.1|csp22_consensus|Full_Seq|Dickeya|Dickeya_paradisiaca_Ech703|94	WP_016943744.1|csp22_consensus|Full_Seq|Dickeya|Dickeya_zeae_EC1|3372
WP_015853961.1|csp22_consensus|Full_Seq|Dickeya|Dickeya_paradisiaca_Ech703|94	WP_022633331.1|csp22_consensus|Full_Seq|Dickeya|Dickeya_fangzhongdai_S1|4729
WP_015853961.1|csp22_consensus|Full_Seq|Dickeya|Dickeya_paradisiaca_Ech703|94	WP_022633331.1|csp22_consensus|Full_Seq|Dickeya|Dickeya_fangzhongdai_B16|4735
WP_015853961.1|csp22_consensus|Full_Seq|Dickeya|Dickeya_paradisiaca_Ech703|94	WP_022633331.1|csp22_consensus|Full_Seq|Dickeya|Dickeya_solani_PPO9134|5599
WP_015853961.1|csp22_consensus|Full_Seq|Dickeya|Dickeya_paradisiaca_Ech703|94	WP_022633331.1|csp22_consensus|Full_Seq|Dickeya|Dickeya_solani_PPO9019|6092
WP_015853961.1|csp22_consensus|Full_Seq|Dickeya|Dickeya_paradisiaca_Ech703|94	WP_012770072.1|csp22_consensus|Full_Seq|Dickeya|Dickeya_dadantii_CZ1501|7733
WP_015853961.1|csp22_consensus|Full_Seq|Dickeya|Dickeya_paradisiaca_Ech703|94	WP_022633331.1|csp22_consensus|Full_Seq|Dickeya|Dickeya_fangzhongdai_DSM101947|9767
WP_015853961.1|csp22_consensus|Full_Seq|Dickeya|Dickeya_paradisiaca_Ech703|94	WP_022633331.1|csp22_consensus|Full_Seq|Dickeya|Dickeya_solani_Ds0432-1|9831
WP_015853961.1|csp22_consensus|Full_Seq|Dickeya|Dickeya_paradisiaca_Ech703|94	WP_012770072.1|csp22_consensus|Full_Seq|Dickeya|Dickeya_zeae_MS2|9902
WP_015853961.1|csp22_consensus|Full_Seq|Dickeya|Dickeya_paradisiaca_Ech703|94	WP_024105688.1|csp22_consensus|Full_Seq|Dickeya|Dickeya_dianthicola_DE440|10261
WP_015853961.1|csp22_consensus|Full_Seq|Dickeya|Dickeya_paradisiaca_Ech703|94	WP_024105688.1|csp22_consensus|Full_Seq|Dickeya|Dickeya_dianthicola_WV516|10268
WP_015853961.1|csp22_consensus|Full_Seq|Dickeya|Dickeya_paradisiaca_Ech703|94	WP_022633331.1|csp22_consensus|Full_Seq|Dickeya|Dickeya_solani_F012|10474
WP_015853961.1|csp22_consensus|Full_Seq|Dickeya|Dickeya_paradisiaca_Ech703|94	WP_012770072.1|csp22_consensus|Full_Seq|Dickeya|Dickeya_dadantii_DSM18020|11450
WP_015853961.1|csp22_consensus|Full_Seq|Dickeya|Dickeya_paradisiaca_Ech703|94	WP_022633331.1|csp22_consensus|Full_Seq|Dickeya|Dickeya_spp_Secpp1600|11459
WP_015853961.1|csp22_consensus|Full_Seq|Dickeya|Dickeya_paradisiaca_Ech703|94	WP_024105688.1|csp22_consensus|Full_Seq|Dickeya|Dickeya_dianthicola_SS70|11629
WP_015853961.1|csp22_consensus|Full_Seq|Dickeya|Dickeya_paradisiaca_Ech703|94	WP_022633331.1|csp22_consensus|Full_Seq|Dickeya|Dickeya_solani_IFB_0221|14633
WP_015853961.1|csp22_consensus|Full_Seq|Dickeya|Dickeya_paradisiaca_Ech703|94	WP_022633331.1|csp22_consensus|Full_Seq|Dickeya|Dickeya_solani_IFB_0158|14639
WP_015853961.1|csp22_consensus|Full_Seq|Dickeya|Dickeya_paradisiaca_Ech703|94	WP_022633331.1|csp22_consensus|Full_Seq|Dickeya|Dickeya_fangzhongdai_PA1|14765
WP_015853961.1|csp22_consensus|Full_Seq|Dickeya|Dickeya_paradisiaca_Ech703|94	WP_022633331.1|csp22_consensus|Full_Seq|Dickeya|Dickeya_solani_IFB0223|15928
WP_015853961.1|csp22_consensus|Full_Seq|Dickeya|Dickeya_paradisiaca_Ech703|94	WP_022633331.1|csp22_consensus|Full_Seq|Dickeya|Dickeya_undicola_FVG10-MFV-A16|16049
WP_015853961.1|csp22_consensus|Full_Seq|Dickeya|Dickeya_paradisiaca_Ech703|94	WP_022633331.1|csp22_consensus|Full_Seq|Dickeya|Dickeya_undicola_FVG1-MFV-O17|16055
WP_015853961.1|csp22_consensus|Full_Seq|Dickeya|Dickeya_paradisiaca_Ech703|94	WP_125259699.1|csp22_consensus|Full_Seq|Dickeya|Dickeya_lacustris_S29|16774
WP_015853961.1|csp22_consensus|Full_Seq|Dickeya|Dickeya_paradisiaca_Ech703|94	WP_012770072.1|csp22_consensus|Full_Seq|Dickeya|Dickeya_spp_ws52|18291
WP_015853961.1|csp22_consensus|Full_Seq|Dickeya|Dickeya_paradisiaca_Ech703|94	WP_016943744.1|csp22_consensus|Full_Seq|Dickeya|Dickeya_oryzae_ZYY5|18935
WP_015853961.1|csp22_consensus|Full_Seq|Dickeya|Dickeya_paradisiaca_Ech703|94	WP_022633331.1|csp22_consensus|Full_Seq|Dickeya|Dickeya_fangzhongdai_AP6|19515
WP_015853961.1|csp22_consensus|Full_Seq|Dickeya|Dickeya_paradisiaca_Ech703|94	WP_024105688.1|csp22_consensus|Full_Seq|Dickeya|Dickeya_dianthicola_CFBP1888|19530
WP_015853961.1|csp22_consensus|Full_Seq|Dickeya|Dickeya_paradisiaca_Ech703|94	WP_024105688.1|csp22_consensus|Full_Seq|Dickeya|Dickeya_dianthicola_CFBP2015|19536
WP_015853961.1|csp22_consensus|Full_Seq|Dickeya|Dickeya_paradisiaca_Ech703|94	WP_022633331.1|csp22_consensus|Full_Seq|Dickeya|Dickeya_solani_M21a|19541
WP_015853961.1|csp22_consensus|Full_Seq|Dickeya|Dickeya_paradisiaca_Ech703|94	WP_024105688.1|csp22_consensus|Full_Seq|Dickeya|Dickeya_dianthicola_CFBP2982|19548
WP_015853961.1|csp22_consensus|Full_Seq|Dickeya|Dickeya_paradisiaca_Ech703|94	WP_024105688.1|csp22_consensus|Full_Seq|Dickeya|Dickeya_dianthicola_MIE34|19554
WP_015853961.1|csp22_consensus|Full_Seq|Dickeya|Dickeya_paradisiaca_Ech703|94	WP_024105688.1|csp22_consensus|Full_Seq|Dickeya|Dickeya_dianthicola_RNS11-47-1-1A|19560
WP_015853961.1|csp22_consensus|Full_Seq|Dickeya|Dickeya_paradisiaca_Ech703|94	WP_022633331.1|csp22_consensus|Full_Seq|Dickeya|Dickeya_solani_Sp1a|19565
WP_015853961.1|csp22_consensus|Full_Seq|Dickeya|Dickeya_paradisiaca_Ech703|94	WP_012770072.1|csp22_consensus|Full_Seq|Dickeya|Dickeya_dadantii_BI3-1|19618
WP_015853961.1|csp22_consensus|Full_Seq|Dickeya|Dickeya_paradisiaca_Ech703|94	WP_012770072.1|csp22_consensus|Full_Seq|Dickeya|Dickeya_spp_CFBP2040|20163
WP_015853961.1|csp22_consensus|Full_Seq|Dickeya|Dickeya_paradisiaca_Ech703|94	WP_038914074.1|csp22_consensus|Full_Seq|Dickeya|Dickeya_zeae_EC2|20178
WP_015853961.1|csp22_consensus|Full_Seq|Dickeya|Dickeya_paradisiaca_Ech703|94	WP_012770072.1|csp22_consensus|Full_Seq|Dickeya|Dickeya_zeae_CE1|20186
WP_015853961.1|csp22_consensus|Full_Seq|Dickeya|Dickeya_paradisiaca_Ech703|94	WP_012770072.1|csp22_consensus|Full_Seq|Dickeya|Dickeya_dadantii_Yana2-2|21120
WP_015853961.1|csp22_consensus|Full_Seq|Dickeya|Dickeya_paradisiaca_Ech703|94	WP_012770072.1|csp22_consensus|Full_Seq|Dickeya|Dickeya_dadantii_Housui2-1|21126
WP_015853961.1|csp22_consensus|Full_Seq|Dickeya|Dickeya_paradisiaca_Ech703|94	WP_012770072.1|csp22_consensus|Full_Seq|Dickeya|Dickeya_dadantii_Kousui1-1|21132
WP_015853961.1|csp22_consensus|Full_Seq|Dickeya|Dickeya_paradisiaca_Ech703|94	WP_012770072.1|csp22_consensus|Full_Seq|Dickeya|Dickeya_dadantii_Aka1-1|21138
WP_015853961.1|csp22_consensus|Full_Seq|Dickeya|Dickeya_paradisiaca_Ech703|94	WP_012770072.1|csp22_consensus|Full_Seq|Dickeya|Dickeya_dadantii_BI1-1|21145
WP_015853961.1|csp22_consensus|Full_Seq|Dickeya|Dickeya_paradisiaca_Ech703|94	WP_012770072.1|csp22_consensus|Full_Seq|Dickeya|Dickeya_dadantii_Kunimi-3|21151
WP_015853961.1|csp22_consensus|Full_Seq|Dickeya|Dickeya_paradisiaca_Ech703|94	WP_022633331.1|csp22_consensus|Full_Seq|Dickeya|Dickeya_solani_IFB0167|22938
WP_015853961.1|csp22_consensus|Full_Seq|Dickeya|Dickeya_paradisiaca_Ech703|94	WP_022633331.1|csp22_consensus|Full_Seq|Dickeya|Dickeya_solani_IFB0231|22946
WP_015853961.1|csp22_consensus|Full_Seq|Dickeya|Dickeya_paradisiaca_Ech703|94	WP_022633331.1|csp22_consensus|Full_Seq|Dickeya|Dickeya_solani_IFB0421|22954
WP_015853961.1|csp22_consensus|Full_Seq|Dickeya|Dickeya_paradisiaca_Ech703|94	WP_022633331.1|csp22_consensus|Full_Seq|Dickeya|Dickeya_solani_IFB0212|22986
WP_015853961.1|csp22_consensus|Full_Seq|Dickeya|Dickeya_paradisiaca_Ech703|94	WP_022633331.1|csp22_consensus|Full_Seq|Dickeya|Dickeya_solani_IFB0311|22993
WP_015853961.1|csp22_consensus|Full_Seq|Dickeya|Dickeya_paradisiaca_Ech703|94	WP_022633331.1|csp22_consensus|Full_Seq|Dickeya|Dickeya_solani_IFB0695|23000
WP_015853961.1|csp22_consensus|Full_Seq|Dickeya|Dickeya_paradisiaca_Ech703|94	WP_022633331.1|csp22_consensus|Full_Seq|Dickeya|Dickeya_solani_D12|24205
WP_015853961.1|csp22_consensus|Full_Seq|Dickeya|Dickeya_paradisiaca_Ech703|94	WP_022633331.1|csp22_consensus|Full_Seq|Dickeya|Dickeya_fangzhongdai_LN1|24345
WP_015853961.1|csp22_consensus|Full_Seq|Dickeya|Dickeya_paradisiaca_Ech703|94	WP_022633331.1|csp22_consensus|Full_Seq|Dickeya|Dickeya_fangzhongdai_QZH3|24352
WP_015853961.1|csp22_consensus|Full_Seq|Dickeya|Dickeya_paradisiaca_Ech703|94	WP_192456801.1|csp22_consensus|Full_Seq|Dickeya|Dickeya_paradisiaca_A3967|24358
WP_015853961.1|csp22_consensus|Full_Seq|Dickeya|Dickeya_paradisiaca_Ech703|94	WP_024105688.1|csp22_consensus|Full_Seq|Dickeya|Dickeya_dianthicola_67-19|24417
WP_015853961.1|csp22_consensus|Full_Seq|Dickeya|Dickeya_paradisiaca_Ech703|94	WP_024105688.1|csp22_consensus|Full_Seq|Dickeya|Dickeya_dianthicola_NY1760A|25384
WP_015853961.1|csp22_consensus|Full_Seq|Dickeya|Dickeya_paradisiaca_Ech703|94	WP_024105688.1|csp22_consensus|Full_Seq|Dickeya|Dickeya_dianthicola_NY1746A|25391
WP_015853961.1|csp22_consensus|Full_Seq|Dickeya|Dickeya_paradisiaca_Ech703|94	WP_024105688.1|csp22_consensus|Full_Seq|Dickeya|Dickeya_dianthicola_NY1785A|25398
WP_015853961.1|csp22_consensus|Full_Seq|Dickeya|Dickeya_paradisiaca_Ech703|94	WP_024105688.1|csp22_consensus|Full_Seq|Dickeya|Dickeya_dianthicola_NY1758A|25405
WP_015853961.1|csp22_consensus|Full_Seq|Dickeya|Dickeya_paradisiaca_Ech703|94	WP_024105688.1|csp22_consensus|Full_Seq|Dickeya|Dickeya_dianthicola_NY1719A|25412
WP_015853961.1|csp22_consensus|Full_Seq|Dickeya|Dickeya_paradisiaca_Ech703|94	WP_024105688.1|csp22_consensus|Full_Seq|Dickeya|Dickeya_dianthicola_NY1578A|25419
WP_015853961.1|csp22_consensus|Full_Seq|Dickeya|Dickeya_paradisiaca_Ech703|94	WP_024105688.1|csp22_consensus|Full_Seq|Dickeya|Dickeya_dianthicola_NY1713C|25426
WP_015853961.1|csp22_consensus|Full_Seq|Dickeya|Dickeya_paradisiaca_Ech703|94	WP_024105688.1|csp22_consensus|Full_Seq|Dickeya|Dickeya_dianthicola_NY1559C|25433
WP_015853961.1|csp22_consensus|Full_Seq|Dickeya|Dickeya_paradisiaca_Ech703|94	WP_024105688.1|csp22_consensus|Full_Seq|Dickeya|Dickeya_dianthicola_NY1562C|25440
WP_015853961.1|csp22_consensus|Full_Seq|Dickeya|Dickeya_paradisiaca_Ech703|94	WP_024105688.1|csp22_consensus|Full_Seq|Dickeya|Dickeya_dianthicola_NY1558D|25447
WP_015853961.1|csp22_consensus|Full_Seq|Dickeya|Dickeya_paradisiaca_Ech703|94	WP_024105688.1|csp22_consensus|Full_Seq|Dickeya|Dickeya_dianthicola_NY1547B|25454
WP_015853961.1|csp22_consensus|Full_Seq|Dickeya|Dickeya_paradisiaca_Ech703|94	WP_024105688.1|csp22_consensus|Full_Seq|Dickeya|Dickeya_dianthicola_NY1538B|25461
WP_015853961.1|csp22_consensus|Full_Seq|Dickeya|Dickeya_paradisiaca_Ech703|94	WP_024105688.1|csp22_consensus|Full_Seq|Dickeya|Dickeya_dianthicola_NY1557A|25468
WP_015853961.1|csp22_consensus|Full_Seq|Dickeya|Dickeya_paradisiaca_Ech703|94	WP_024105688.1|csp22_consensus|Full_Seq|Dickeya|Dickeya_dianthicola_NY1556C|25475
WP_015853961.1|csp22_consensus|Full_Seq|Dickeya|Dickeya_paradisiaca_Ech703|94	WP_024105688.1|csp22_consensus|Full_Seq|Dickeya|Dickeya_dianthicola_NY1536B|25482
WP_015853961.1|csp22_consensus|Full_Seq|Dickeya|Dickeya_paradisiaca_Ech703|94	WP_022633331.1|csp22_consensus|Full_Seq|Dickeya|Dickeya_solani_CH9918-774|26059
WP_015853961.1|csp22_consensus|Full_Seq|Dickeya|Dickeya_paradisiaca_Ech703|94	WP_022633331.1|csp22_consensus|Full_Seq|Dickeya|Dickeya_solani_CH05026|26065
WP_015853961.1|csp22_consensus|Full_Seq|Dickeya|Dickeya_paradisiaca_Ech703|94	WP_022633331.1|csp22_consensus|Full_Seq|Dickeya|Dickeya_solani_CH07044|26071
WP_015853961.1|csp22_consensus|Full_Seq|Dickeya|Dickeya_paradisiaca_Ech703|94	WP_022633331.1|csp22_consensus|Full_Seq|Dickeya|Dickeya_solani_CH9635-1|26077
WP_015853961.1|csp22_consensus|Full_Seq|Dickeya|Dickeya_paradisiaca_Ech703|94	WP_022633331.1|csp22_consensus|Full_Seq|Dickeya|Dickeya_solani_IPO2019|26910
WP_015853961.1|csp22_consensus|Full_Seq|Dickeya|Dickeya_paradisiaca_Ech703|94	WP_022633331.1|csp22_consensus|Full_Seq|Dickeya|Dickeya_fangzhongdai_908C|27099
WP_015853961.1|csp22_consensus|Full_Seq|Dickeya|Dickeya_paradisiaca_Ech703|94	WP_012770072.1|csp22_consensus|Full_Seq|Dickeya|Dickeya_oryzae_FVG03|27673
WP_015853961.1|csp22_consensus|Full_Seq|Dickeya|Dickeya_paradisiaca_Ech703|94	WP_012770072.1|csp22_consensus|Full_Seq|Dickeya|Dickeya_oryzae_S20|27680
WP_015853961.1|csp22_consensus|Full_Seq|Dickeya|Dickeya_paradisiaca_Ech703|94	WP_038914074.1|csp22_consensus|Full_Seq|Dickeya|Dickeya_oryzae_FVG08|27687
WP_015853961.1|csp22_consensus|Full_Seq|Dickeya|Dickeya_paradisiaca_Ech703|94	WP_012770072.1|csp22_consensus|Full_Seq|Dickeya|Dickeya_zeae_S31|27694
WP_015853961.1|csp22_consensus|Full_Seq|Dickeya|Dickeya_paradisiaca_Ech703|94	WP_024105688.1|csp22_consensus|Full_Seq|Dickeya|Dickeya_dianthicola_PA24|28103
WP_015853961.1|csp22_consensus|Full_Seq|Dickeya|Dickeya_paradisiaca_Ech703|94	WP_024105688.1|csp22_consensus|Full_Seq|Dickeya|Dickeya_dianthicola_16SBJ16|28110
WP_015853961.1|csp22_consensus|Full_Seq|Dickeya|Dickeya_paradisiaca_Ech703|94	WP_024105688.1|csp22_consensus|Full_Seq|Dickeya|Dickeya_dianthicola_16ME22T|28117
WP_015853961.1|csp22_consensus|Full_Seq|Dickeya|Dickeya_paradisiaca_Ech703|94	WP_024105688.1|csp22_consensus|Full_Seq|Dickeya|Dickeya_dianthicola_16ME21T|28124
WP_015853961.1|csp22_consensus|Full_Seq|Dickeya|Dickeya_paradisiaca_Ech703|94	WP_024105688.1|csp22_consensus|Full_Seq|Dickeya|Dickeya_dianthicola_16MB01|28131
WP_015853961.1|csp22_consensus|Full_Seq|Dickeya|Dickeya_paradisiaca_Ech703|94	WP_024105688.1|csp22_consensus|Full_Seq|Dickeya|Dickeya_dianthicola_16MA15T|28138
WP_015853961.1|csp22_consensus|Full_Seq|Dickeya|Dickeya_paradisiaca_Ech703|94	WP_024105688.1|csp22_consensus|Full_Seq|Dickeya|Dickeya_dianthicola_16LI04|28145
WP_015853961.1|csp22_consensus|Full_Seq|Dickeya|Dickeya_paradisiaca_Ech703|94	WP_024105688.1|csp22_consensus|Full_Seq|Dickeya|Dickeya_dianthicola_16LI02|28152
WP_015853961.1|csp22_consensus|Full_Seq|Dickeya|Dickeya_paradisiaca_Ech703|94	WP_024105688.1|csp22_consensus|Full_Seq|Dickeya|Dickeya_dianthicola_16LI01|28159
WP_015853961.1|csp22_consensus|Full_Seq|Dickeya|Dickeya_paradisiaca_Ech703|94	WP_024105688.1|csp22_consensus|Full_Seq|Dickeya|Dickeya_dianthicola_16JP05|28166
WP_015853961.1|csp22_consensus|Full_Seq|Dickeya|Dickeya_paradisiaca_Ech703|94	WP_024105688.1|csp22_consensus|Full_Seq|Dickeya|Dickeya_dianthicola_16JP03|28173
WP_015853961.1|csp22_consensus|Full_Seq|Dickeya|Dickeya_paradisiaca_Ech703|94	WP_024105688.1|csp22_consensus|Full_Seq|Dickeya|Dickeya_dianthicola_DDI_16NJ12|28225
WP_015853961.1|csp22_consensus|Full_Seq|Dickeya|Dickeya_paradisiaca_Ech703|94	WP_024105688.1|csp22_consensus|Full_Seq|Dickeya|Dickeya_dianthicola_DDI_16NJ11|28232
WP_015853961.1|csp22_consensus|Full_Seq|Dickeya|Dickeya_paradisiaca_Ech703|94	WP_024105688.1|csp22_consensus|Full_Seq|Dickeya|Dickeya_dianthicola_DDI_59W|28239
WP_015853961.1|csp22_consensus|Full_Seq|Dickeya|Dickeya_paradisiaca_Ech703|94	WP_024105688.1|csp22_consensus|Full_Seq|Dickeya|Dickeya_dianthicola_DDI_16PA07|28246
WP_015853961.1|csp22_consensus|Full_Seq|Dickeya|Dickeya_paradisiaca_Ech703|94	WP_024105688.1|csp22_consensus|Full_Seq|Dickeya|Dickeya_dianthicola_DDI_ME30|28397
WP_015853961.1|csp22_consensus|Full_Seq|Dickeya|Dickeya_paradisiaca_Ech703|94	WP_012770072.1|csp22_consensus|Full_Seq|Dickeya|Dickeya_dadantii_S3-1|28564
WP_015853961.1|csp22_consensus|Full_Seq|Dickeya|Dickeya_paradisiaca_Ech703|94	WP_012770072.1|csp22_consensus|Full_Seq|Dickeya|Dickeya_zeae_JZL7|29020
WP_015853961.1|csp22_consensus|Full_Seq|Dickeya|Dickeya_paradisiaca_Ech703|94	WP_012770072.1|csp22_consensus|Full_Seq|Dickeya|Dickeya_zeae_PL65|29032
WP_015853961.1|csp22_consensus|Full_Seq|Dickeya|Dickeya_paradisiaca_Ech703|94	WP_012770072.1|csp22_consensus|Full_Seq|Dickeya|Dickeya_chrysanthemi_EC16|29623
WP_015853961.1|csp22_consensus|Full_Seq|Dickeya|Dickeya_paradisiaca_Ech703|94	WP_035342293.1|csp22_consensus|Full_Seq|Dickeya|Dickeya_aquatica_174/2|29846
WP_015853961.1|csp22_consensus|Full_Seq|Dickeya|Dickeya_paradisiaca_Ech703|94	WP_015853818.1|csp22_consensus|Full_Seq|Dickeya|Dickeya_paradisiaca_Ech703|93
WP_015853961.1|csp22_consensus|Full_Seq|Dickeya|Dickeya_paradisiaca_Ech703|94	WP_012764705.1|csp22_consensus|Full_Seq|Dickeya|Dickeya_paradisiaca_Ech703|90
WP_015853961.1|csp22_consensus|Full_Seq|Dickeya|Dickeya_paradisiaca_Ech703|94	WP_015853726.1|csp22_consensus|Full_Seq|Dickeya|Dickeya_paradisiaca_Ech703|92
WP_015853961.1|csp22_consensus|Full_Seq|Dickeya|Dickeya_paradisiaca_Ech703|94	WP_009113827.1|csp22_consensus|Full_Seq|Dickeya|Dickeya_chrysanthemi_Ech1591|95
WP_015853961.1|csp22_consensus|Full_Seq|Dickeya|Dickeya_paradisiaca_Ech703|94	WP_012768004.1|csp22_consensus|Full_Seq|Dickeya|Dickeya_chrysanthemi_Ech1591|96
WP_015853961.1|csp22_consensus|Full_Seq|Dickeya|Dickeya_paradisiaca_Ech703|94	WP_012769694.1|csp22_consensus|Full_Seq|Dickeya|Dickeya_chrysanthemi_Ech1591|98
WP_015853961.1|csp22_consensus|Full_Seq|Dickeya|Dickeya_paradisiaca_Ech703|94	WP_009113827.1|csp22_consensus|Full_Seq|Dickeya|Dickeya_zeae_Ech586|116
WP_015853961.1|csp22_consensus|Full_Seq|Dickeya|Dickeya_paradisiaca_Ech703|94	WP_012768004.1|csp22_consensus|Full_Seq|Dickeya|Dickeya_zeae_Ech586|117
WP_015853961.1|csp22_consensus|Full_Seq|Dickeya|Dickeya_paradisiaca_Ech703|94	WP_012769694.1|csp22_consensus|Full_Seq|Dickeya|Dickeya_zeae_Ech586|118
WP_015853961.1|csp22_consensus|Full_Seq|Dickeya|Dickeya_paradisiaca_Ech703|94	WP_009113827.1|csp22_consensus|Full_Seq|Dickeya|Dickeya_dadantii_3937|255
WP_015853961.1|csp22_consensus|Full_Seq|Dickeya|Dickeya_paradisiaca_Ech703|94	WP_012769694.1|csp22_consensus|Full_Seq|Dickeya|Dickeya_dadantii_3937|256
WP_015853961.1|csp22_consensus|Full_Seq|Dickeya|Dickeya_paradisiaca_Ech703|94	WP_013319797.1|csp22_consensus|Full_Seq|Dickeya|Dickeya_dadantii_3937|259
WP_015853961.1|csp22_consensus|Full_Seq|Dickeya|Dickeya_paradisiaca_Ech703|94	WP_009113827.1|csp22_consensus|Full_Seq|Dickeya|Dickeya_zeae_ZJU1202|614
WP_015853961.1|csp22_consensus|Full_Seq|Dickeya|Dickeya_paradisiaca_Ech703|94	WP_012768004.1|csp22_consensus|Full_Seq|Dickeya|Dickeya_zeae_ZJU1202|615
WP_015853961.1|csp22_consensus|Full_Seq|Dickeya|Dickeya_paradisiaca_Ech703|94	WP_012769694.1|csp22_consensus|Full_Seq|Dickeya|Dickeya_zeae_ZJU1202|616
WP_015853961.1|csp22_consensus|Full_Seq|Dickeya|Dickeya_paradisiaca_Ech703|94	WP_009113827.1|csp22_consensus|Full_Seq|Dickeya|Dickeya_solani_MK10|1388
WP_015853961.1|csp22_consensus|Full_Seq|Dickeya|Dickeya_paradisiaca_Ech703|94	WP_012769694.1|csp22_consensus|Full_Seq|Dickeya|Dickeya_solani_MK10|1389
WP_015853961.1|csp22_consensus|Full_Seq|Dickeya|Dickeya_paradisiaca_Ech703|94	WP_022635207.1|csp22_consensus|Full_Seq|Dickeya|Dickeya_solani_MK10|1391
WP_015853961.1|csp22_consensus|Full_Seq|Dickeya|Dickeya_paradisiaca_Ech703|94	WP_009113827.1|csp22_consensus|Full_Seq|Dickeya|Dickeya_dianthicola_NCPPB453|1396
WP_015853961.1|csp22_consensus|Full_Seq|Dickeya|Dickeya_paradisiaca_Ech703|94	WP_012769694.1|csp22_consensus|Full_Seq|Dickeya|Dickeya_dianthicola_NCPPB453|1397
WP_015853961.1|csp22_consensus|Full_Seq|Dickeya|Dickeya_paradisiaca_Ech703|94	WP_022635207.1|csp22_consensus|Full_Seq|Dickeya|Dickeya_dianthicola_NCPPB453|1399
WP_015853961.1|csp22_consensus|Full_Seq|Dickeya|Dickeya_paradisiaca_Ech703|94	WP_009113827.1|csp22_consensus|Full_Seq|Dickeya|Dickeya_solani_MK16|1403
WP_015853961.1|csp22_consensus|Full_Seq|Dickeya|Dickeya_paradisiaca_Ech703|94	WP_012769694.1|csp22_consensus|Full_Seq|Dickeya|Dickeya_solani_MK16|1404
WP_015853961.1|csp22_consensus|Full_Seq|Dickeya|Dickeya_paradisiaca_Ech703|94	WP_022635207.1|csp22_consensus|Full_Seq|Dickeya|Dickeya_solani_MK16|1408
WP_015853961.1|csp22_consensus|Full_Seq|Dickeya|Dickeya_paradisiaca_Ech703|94	WP_009113827.1|csp22_consensus|Full_Seq|Dickeya|Dickeya_dianthicola_GBBC2039|1411
WP_015853961.1|csp22_consensus|Full_Seq|Dickeya|Dickeya_paradisiaca_Ech703|94	WP_012769694.1|csp22_consensus|Full_Seq|Dickeya|Dickeya_dianthicola_GBBC2039|1412
WP_015853961.1|csp22_consensus|Full_Seq|Dickeya|Dickeya_paradisiaca_Ech703|94	WP_022635207.1|csp22_consensus|Full_Seq|Dickeya|Dickeya_dianthicola_GBBC2039|1414
WP_015853961.1|csp22_consensus|Full_Seq|Dickeya|Dickeya_paradisiaca_Ech703|94	WP_009113827.1|csp22_consensus|Full_Seq|Dickeya|Dickeya_dianthicola_NCPPB3534|1418
WP_015853961.1|csp22_consensus|Full_Seq|Dickeya|Dickeya_paradisiaca_Ech703|94	WP_012769694.1|csp22_consensus|Full_Seq|Dickeya|Dickeya_dianthicola_NCPPB3534|1419
WP_015853961.1|csp22_consensus|Full_Seq|Dickeya|Dickeya_paradisiaca_Ech703|94	WP_022635207.1|csp22_consensus|Full_Seq|Dickeya|Dickeya_dianthicola_NCPPB3534|1420
WP_015853961.1|csp22_consensus|Full_Seq|Dickeya|Dickeya_paradisiaca_Ech703|94	WP_009113827.1|csp22_consensus|Full_Seq|Dickeya|Dickeya_zeae_MS1|1498
WP_015853961.1|csp22_consensus|Full_Seq|Dickeya|Dickeya_paradisiaca_Ech703|94	WP_012768004.1|csp22_consensus|Full_Seq|Dickeya|Dickeya_zeae_MS1|1499
WP_015853961.1|csp22_consensus|Full_Seq|Dickeya|Dickeya_paradisiaca_Ech703|94	WP_012769694.1|csp22_consensus|Full_Seq|Dickeya|Dickeya_zeae_MS1|1500
WP_015853961.1|csp22_consensus|Full_Seq|Dickeya|Dickeya_paradisiaca_Ech703|94	WP_012764705.1|csp22_consensus|Full_Seq|Dickeya|Dickeya_paradisiaca_NCPPB2511|1516
WP_015853961.1|csp22_consensus|Full_Seq|Dickeya|Dickeya_paradisiaca_Ech703|94	WP_015853726.1|csp22_consensus|Full_Seq|Dickeya|Dickeya_paradisiaca_NCPPB2511|1518
WP_015853961.1|csp22_consensus|Full_Seq|Dickeya|Dickeya_paradisiaca_Ech703|94	WP_015853818.1|csp22_consensus|Full_Seq|Dickeya|Dickeya_paradisiaca_NCPPB2511|1519
WP_015853961.1|csp22_consensus|Full_Seq|Dickeya|Dickeya_paradisiaca_Ech703|94	WP_009113827.1|csp22_consensus|Full_Seq|Dickeya|Dickeya_zeae_NCPPB3532|1522
WP_015853961.1|csp22_consensus|Full_Seq|Dickeya|Dickeya_paradisiaca_Ech703|94	WP_012768004.1|csp22_consensus|Full_Seq|Dickeya|Dickeya_zeae_NCPPB3532|1523
WP_015853961.1|csp22_consensus|Full_Seq|Dickeya|Dickeya_paradisiaca_Ech703|94	WP_012769694.1|csp22_consensus|Full_Seq|Dickeya|Dickeya_zeae_NCPPB3532|1524
WP_015853961.1|csp22_consensus|Full_Seq|Dickeya|Dickeya_paradisiaca_Ech703|94	WP_009113827.1|csp22_consensus|Full_Seq|Dickeya|Dickeya_solani_GBBC2040|1531
WP_015853961.1|csp22_consensus|Full_Seq|Dickeya|Dickeya_paradisiaca_Ech703|94	WP_012769694.1|csp22_consensus|Full_Seq|Dickeya|Dickeya_solani_GBBC2040|1532
WP_015853961.1|csp22_consensus|Full_Seq|Dickeya|Dickeya_paradisiaca_Ech703|94	WP_022635207.1|csp22_consensus|Full_Seq|Dickeya|Dickeya_solani_GBBC2040|1534
WP_015853961.1|csp22_consensus|Full_Seq|Dickeya|Dickeya_paradisiaca_Ech703|94	WP_009113827.1|csp22_consensus|Full_Seq|Dickeya|Dickeya_zeae_DZ2Q|1561
WP_015853961.1|csp22_consensus|Full_Seq|Dickeya|Dickeya_paradisiaca_Ech703|94	WP_012768004.1|csp22_consensus|Full_Seq|Dickeya|Dickeya_zeae_DZ2Q|1562
WP_015853961.1|csp22_consensus|Full_Seq|Dickeya|Dickeya_paradisiaca_Ech703|94	WP_012769694.1|csp22_consensus|Full_Seq|Dickeya|Dickeya_zeae_DZ2Q|1563
WP_015853961.1|csp22_consensus|Full_Seq|Dickeya|Dickeya_paradisiaca_Ech703|94	WP_009113827.1|csp22_consensus|Full_Seq|Dickeya|Dickeya_zeae_CSLRW192|1577
WP_015853961.1|csp22_consensus|Full_Seq|Dickeya|Dickeya_paradisiaca_Ech703|94	WP_012768004.1|csp22_consensus|Full_Seq|Dickeya|Dickeya_zeae_CSLRW192|1578
WP_015853961.1|csp22_consensus|Full_Seq|Dickeya|Dickeya_paradisiaca_Ech703|94	WP_012769694.1|csp22_consensus|Full_Seq|Dickeya|Dickeya_zeae_CSLRW192|1579
WP_015853961.1|csp22_consensus|Full_Seq|Dickeya|Dickeya_paradisiaca_Ech703|94	WP_009113827.1|csp22_consensus|Full_Seq|Dickeya|Dickeya_chrysanthemi_NCPPB516|1583
WP_015853961.1|csp22_consensus|Full_Seq|Dickeya|Dickeya_paradisiaca_Ech703|94	WP_012768004.1|csp22_consensus|Full_Seq|Dickeya|Dickeya_chrysanthemi_NCPPB516|1584
WP_015853961.1|csp22_consensus|Full_Seq|Dickeya|Dickeya_paradisiaca_Ech703|94	WP_012769694.1|csp22_consensus|Full_Seq|Dickeya|Dickeya_chrysanthemi_NCPPB516|1585
WP_015853961.1|csp22_consensus|Full_Seq|Dickeya|Dickeya_paradisiaca_Ech703|94	WP_009113827.1|csp22_consensus|Full_Seq|Dickeya|Dickeya_spp_CSLRW240|1591
WP_015853961.1|csp22_consensus|Full_Seq|Dickeya|Dickeya_paradisiaca_Ech703|94	WP_012769694.1|csp22_consensus|Full_Seq|Dickeya|Dickeya_spp_CSLRW240|1592
WP_015853961.1|csp22_consensus|Full_Seq|Dickeya|Dickeya_paradisiaca_Ech703|94	WP_035343404.1|csp22_consensus|Full_Seq|Dickeya|Dickeya_spp_CSLRW240|1594
WP_015853961.1|csp22_consensus|Full_Seq|Dickeya|Dickeya_paradisiaca_Ech703|94	WP_009113827.1|csp22_consensus|Full_Seq|Dickeya|Dickeya_chrysanthemi_NCPPB402|1597
WP_015853961.1|csp22_consensus|Full_Seq|Dickeya|Dickeya_paradisiaca_Ech703|94	WP_012768004.1|csp22_consensus|Full_Seq|Dickeya|Dickeya_chrysanthemi_NCPPB402|1598
WP_015853961.1|csp22_consensus|Full_Seq|Dickeya|Dickeya_paradisiaca_Ech703|94	WP_012769694.1|csp22_consensus|Full_Seq|Dickeya|Dickeya_chrysanthemi_NCPPB402|1599
WP_015853961.1|csp22_consensus|Full_Seq|Dickeya|Dickeya_paradisiaca_Ech703|94	WP_009113827.1|csp22_consensus|Full_Seq|Dickeya|Dickeya_poaceiphila_NCPPB569|1603
WP_015853961.1|csp22_consensus|Full_Seq|Dickeya|Dickeya_paradisiaca_Ech703|94	WP_012768004.1|csp22_consensus|Full_Seq|Dickeya|Dickeya_poaceiphila_NCPPB569|1604
WP_015853961.1|csp22_consensus|Full_Seq|Dickeya|Dickeya_paradisiaca_Ech703|94	WP_012769694.1|csp22_consensus|Full_Seq|Dickeya|Dickeya_poaceiphila_NCPPB569|1605
WP_015853961.1|csp22_consensus|Full_Seq|Dickeya|Dickeya_paradisiaca_Ech703|94	WP_009113827.1|csp22_consensus|Full_Seq|Dickeya|Dickeya_dadantii_NCPPB898|1608
WP_015853961.1|csp22_consensus|Full_Seq|Dickeya|Dickeya_paradisiaca_Ech703|94	WP_012769694.1|csp22_consensus|Full_Seq|Dickeya|Dickeya_dadantii_NCPPB898|1609
WP_015853961.1|csp22_consensus|Full_Seq|Dickeya|Dickeya_paradisiaca_Ech703|94	WP_013319797.1|csp22_consensus|Full_Seq|Dickeya|Dickeya_dadantii_NCPPB898|1611
WP_015853961.1|csp22_consensus|Full_Seq|Dickeya|Dickeya_paradisiaca_Ech703|94	WP_009113827.1|csp22_consensus|Full_Seq|Dickeya|Dickeya_zeae_NCPPB2538|1616
WP_015853961.1|csp22_consensus|Full_Seq|Dickeya|Dickeya_paradisiaca_Ech703|94	WP_012768004.1|csp22_consensus|Full_Seq|Dickeya|Dickeya_zeae_NCPPB2538|1617
WP_015853961.1|csp22_consensus|Full_Seq|Dickeya|Dickeya_paradisiaca_Ech703|94	WP_012769694.1|csp22_consensus|Full_Seq|Dickeya|Dickeya_zeae_NCPPB2538|1618
WP_015853961.1|csp22_consensus|Full_Seq|Dickeya|Dickeya_paradisiaca_Ech703|94	WP_005968829.1|csp22_consensus|Full_Seq|Dickeya|Dickeya_spp_NCPPB3274|1631
WP_015853961.1|csp22_consensus|Full_Seq|Dickeya|Dickeya_paradisiaca_Ech703|94	WP_009113827.1|csp22_consensus|Full_Seq|Dickeya|Dickeya_spp_NCPPB3274|1632
WP_015853961.1|csp22_consensus|Full_Seq|Dickeya|Dickeya_paradisiaca_Ech703|94	WP_013319797.1|csp22_consensus|Full_Seq|Dickeya|Dickeya_spp_NCPPB3274|1634
WP_015853961.1|csp22_consensus|Full_Seq|Dickeya|Dickeya_paradisiaca_Ech703|94	WP_009113827.1|csp22_consensus|Full_Seq|Dickeya|Dickeya_zeae_NCPPB3531|1639
WP_015853961.1|csp22_consensus|Full_Seq|Dickeya|Dickeya_paradisiaca_Ech703|94	WP_012768004.1|csp22_consensus|Full_Seq|Dickeya|Dickeya_zeae_NCPPB3531|1640
WP_015853961.1|csp22_consensus|Full_Seq|Dickeya|Dickeya_paradisiaca_Ech703|94	WP_012769694.1|csp22_consensus|Full_Seq|Dickeya|Dickeya_zeae_NCPPB3531|1641
WP_015853961.1|csp22_consensus|Full_Seq|Dickeya|Dickeya_paradisiaca_Ech703|94	WP_009113827.1|csp22_consensus|Full_Seq|Dickeya|Dickeya_chrysanthemi_NCPPB3533|1645
WP_015853961.1|csp22_consensus|Full_Seq|Dickeya|Dickeya_paradisiaca_Ech703|94	WP_012768004.1|csp22_consensus|Full_Seq|Dickeya|Dickeya_chrysanthemi_NCPPB3533|1646
WP_015853961.1|csp22_consensus|Full_Seq|Dickeya|Dickeya_paradisiaca_Ech703|94	WP_012769694.1|csp22_consensus|Full_Seq|Dickeya|Dickeya_chrysanthemi_NCPPB3533|1647
WP_015853961.1|csp22_consensus|Full_Seq|Dickeya|Dickeya_paradisiaca_Ech703|94	WP_009113827.1|csp22_consensus|Full_Seq|Dickeya|Dickeya_dadantii_NCPPB3537|1651
WP_015853961.1|csp22_consensus|Full_Seq|Dickeya|Dickeya_paradisiaca_Ech703|94	WP_012769694.1|csp22_consensus|Full_Seq|Dickeya|Dickeya_dadantii_NCPPB3537|1652
WP_015853961.1|csp22_consensus|Full_Seq|Dickeya|Dickeya_paradisiaca_Ech703|94	WP_013319797.1|csp22_consensus|Full_Seq|Dickeya|Dickeya_dadantii_NCPPB3537|1654
WP_015853961.1|csp22_consensus|Full_Seq|Dickeya|Dickeya_paradisiaca_Ech703|94	WP_009113827.1|csp22_consensus|Full_Seq|Dickeya|Dickeya_spp_DW0440|1659
WP_015853961.1|csp22_consensus|Full_Seq|Dickeya|Dickeya_paradisiaca_Ech703|94	WP_012769694.1|csp22_consensus|Full_Seq|Dickeya|Dickeya_spp_DW0440|1660
WP_015853961.1|csp22_consensus|Full_Seq|Dickeya|Dickeya_paradisiaca_Ech703|94	WP_035343404.1|csp22_consensus|Full_Seq|Dickeya|Dickeya_spp_DW0440|1662
WP_015853961.1|csp22_consensus|Full_Seq|Dickeya|Dickeya_paradisiaca_Ech703|94	WP_005968829.1|csp22_consensus|Full_Seq|Dickeya|Dickeya_spp_MK7|1666
WP_015853961.1|csp22_consensus|Full_Seq|Dickeya|Dickeya_paradisiaca_Ech703|94	WP_009113827.1|csp22_consensus|Full_Seq|Dickeya|Dickeya_spp_MK7|1667
WP_015853961.1|csp22_consensus|Full_Seq|Dickeya|Dickeya_paradisiaca_Ech703|94	WP_013319797.1|csp22_consensus|Full_Seq|Dickeya|Dickeya_spp_MK7|1668
WP_015853961.1|csp22_consensus|Full_Seq|Dickeya|Dickeya_paradisiaca_Ech703|94	WP_009113827.1|csp22_consensus|Full_Seq|Dickeya|Dickeya_zeae_MK19|1673
WP_015853961.1|csp22_consensus|Full_Seq|Dickeya|Dickeya_paradisiaca_Ech703|94	WP_012768004.1|csp22_consensus|Full_Seq|Dickeya|Dickeya_zeae_MK19|1674
WP_015853961.1|csp22_consensus|Full_Seq|Dickeya|Dickeya_paradisiaca_Ech703|94	WP_012769694.1|csp22_consensus|Full_Seq|Dickeya|Dickeya_zeae_MK19|1675
WP_015853961.1|csp22_consensus|Full_Seq|Dickeya|Dickeya_paradisiaca_Ech703|94	WP_009113827.1|csp22_consensus|Full_Seq|Dickeya|Dickeya_dianthicola_IPO980|1860
WP_015853961.1|csp22_consensus|Full_Seq|Dickeya|Dickeya_paradisiaca_Ech703|94	WP_012769694.1|csp22_consensus|Full_Seq|Dickeya|Dickeya_dianthicola_IPO980|1861
WP_015853961.1|csp22_consensus|Full_Seq|Dickeya|Dickeya_paradisiaca_Ech703|94	WP_022635207.1|csp22_consensus|Full_Seq|Dickeya|Dickeya_dianthicola_IPO980|1862
WP_015853961.1|csp22_consensus|Full_Seq|Dickeya|Dickeya_paradisiaca_Ech703|94	WP_005968829.1|csp22_consensus|Full_Seq|Dickeya|Dickeya_fangzhongdai_ND14b|2675
WP_015853961.1|csp22_consensus|Full_Seq|Dickeya|Dickeya_paradisiaca_Ech703|94	WP_009113827.1|csp22_consensus|Full_Seq|Dickeya|Dickeya_fangzhongdai_ND14b|2676
WP_015853961.1|csp22_consensus|Full_Seq|Dickeya|Dickeya_paradisiaca_Ech703|94	WP_038664822.1|csp22_consensus|Full_Seq|Dickeya|Dickeya_fangzhongdai_ND14b|2679
WP_015853961.1|csp22_consensus|Full_Seq|Dickeya|Dickeya_paradisiaca_Ech703|94	WP_005968829.1|csp22_consensus|Full_Seq|Dickeya|Dickeya_fangzhongdai_M074|2915
WP_015853961.1|csp22_consensus|Full_Seq|Dickeya|Dickeya_paradisiaca_Ech703|94	WP_009113827.1|csp22_consensus|Full_Seq|Dickeya|Dickeya_fangzhongdai_M074|2916
WP_015853961.1|csp22_consensus|Full_Seq|Dickeya|Dickeya_paradisiaca_Ech703|94	WP_038664822.1|csp22_consensus|Full_Seq|Dickeya|Dickeya_fangzhongdai_M074|2918
WP_015853961.1|csp22_consensus|Full_Seq|Dickeya|Dickeya_paradisiaca_Ech703|94	WP_009113827.1|csp22_consensus|Full_Seq|Dickeya|Dickeya_chrysanthemi_L11|2963
WP_015853961.1|csp22_consensus|Full_Seq|Dickeya|Dickeya_paradisiaca_Ech703|94	WP_012768004.1|csp22_consensus|Full_Seq|Dickeya|Dickeya_chrysanthemi_L11|2964
WP_015853961.1|csp22_consensus|Full_Seq|Dickeya|Dickeya_paradisiaca_Ech703|94	WP_012769694.1|csp22_consensus|Full_Seq|Dickeya|Dickeya_chrysanthemi_L11|2965
WP_015853961.1|csp22_consensus|Full_Seq|Dickeya|Dickeya_paradisiaca_Ech703|94	WP_005968829.1|csp22_consensus|Full_Seq|Dickeya|Dickeya_undicola_2B12|2970
WP_015853961.1|csp22_consensus|Full_Seq|Dickeya|Dickeya_paradisiaca_Ech703|94	WP_009113827.1|csp22_consensus|Full_Seq|Dickeya|Dickeya_undicola_2B12|2971
WP_015853961.1|csp22_consensus|Full_Seq|Dickeya|Dickeya_paradisiaca_Ech703|94	WP_013319797.1|csp22_consensus|Full_Seq|Dickeya|Dickeya_undicola_2B12|2972
WP_015853961.1|csp22_consensus|Full_Seq|Dickeya|Dickeya_paradisiaca_Ech703|94	WP_005968829.1|csp22_consensus|Full_Seq|Dickeya|Dickeya_fangzhongdai_M005|3127
WP_015853961.1|csp22_consensus|Full_Seq|Dickeya|Dickeya_paradisiaca_Ech703|94	WP_009113827.1|csp22_consensus|Full_Seq|Dickeya|Dickeya_fangzhongdai_M005|3128
WP_015853961.1|csp22_consensus|Full_Seq|Dickeya|Dickeya_paradisiaca_Ech703|94	WP_038664822.1|csp22_consensus|Full_Seq|Dickeya|Dickeya_fangzhongdai_M005|3131
WP_015853961.1|csp22_consensus|Full_Seq|Dickeya|Dickeya_paradisiaca_Ech703|94	WP_009113827.1|csp22_consensus|Full_Seq|Dickeya|Dickeya_zeae_EC1|3369
WP_015853961.1|csp22_consensus|Full_Seq|Dickeya|Dickeya_paradisiaca_Ech703|94	WP_012768004.1|csp22_consensus|Full_Seq|Dickeya|Dickeya_zeae_EC1|3370
WP_015853961.1|csp22_consensus|Full_Seq|Dickeya|Dickeya_paradisiaca_Ech703|94	WP_012769694.1|csp22_consensus|Full_Seq|Dickeya|Dickeya_zeae_EC1|3371
WP_015853961.1|csp22_consensus|Full_Seq|Dickeya|Dickeya_paradisiaca_Ech703|94	WP_005968829.1|csp22_consensus|Full_Seq|Dickeya|Dickeya_fangzhongdai_S1|4726
WP_015853961.1|csp22_consensus|Full_Seq|Dickeya|Dickeya_paradisiaca_Ech703|94	WP_009113827.1|csp22_consensus|Full_Seq|Dickeya|Dickeya_fangzhongdai_S1|4727
WP_015853961.1|csp22_consensus|Full_Seq|Dickeya|Dickeya_paradisiaca_Ech703|94	WP_013319797.1|csp22_consensus|Full_Seq|Dickeya|Dickeya_fangzhongdai_S1|4728
WP_015853961.1|csp22_consensus|Full_Seq|Dickeya|Dickeya_paradisiaca_Ech703|94	WP_005968829.1|csp22_consensus|Full_Seq|Dickeya|Dickeya_fangzhongdai_B16|4732
WP_015853961.1|csp22_consensus|Full_Seq|Dickeya|Dickeya_paradisiaca_Ech703|94	WP_009113827.1|csp22_consensus|Full_Seq|Dickeya|Dickeya_fangzhongdai_B16|4733
WP_015853961.1|csp22_consensus|Full_Seq|Dickeya|Dickeya_paradisiaca_Ech703|94	WP_013319797.1|csp22_consensus|Full_Seq|Dickeya|Dickeya_fangzhongdai_B16|4734
WP_015853961.1|csp22_consensus|Full_Seq|Dickeya|Dickeya_paradisiaca_Ech703|94	WP_009113827.1|csp22_consensus|Full_Seq|Dickeya|Dickeya_solani_PPO9134|5597
WP_015853961.1|csp22_consensus|Full_Seq|Dickeya|Dickeya_paradisiaca_Ech703|94	WP_012769694.1|csp22_consensus|Full_Seq|Dickeya|Dickeya_solani_PPO9134|5598
WP_015853961.1|csp22_consensus|Full_Seq|Dickeya|Dickeya_paradisiaca_Ech703|94	WP_022635207.1|csp22_consensus|Full_Seq|Dickeya|Dickeya_solani_PPO9134|5600
WP_015853961.1|csp22_consensus|Full_Seq|Dickeya|Dickeya_paradisiaca_Ech703|94	WP_009113827.1|csp22_consensus|Full_Seq|Dickeya|Dickeya_solani_PPO9019|6090
WP_015853961.1|csp22_consensus|Full_Seq|Dickeya|Dickeya_paradisiaca_Ech703|94	WP_012769694.1|csp22_consensus|Full_Seq|Dickeya|Dickeya_solani_PPO9019|6091
WP_015853961.1|csp22_consensus|Full_Seq|Dickeya|Dickeya_paradisiaca_Ech703|94	WP_022635207.1|csp22_consensus|Full_Seq|Dickeya|Dickeya_solani_PPO9019|6093
WP_015853961.1|csp22_consensus|Full_Seq|Dickeya|Dickeya_paradisiaca_Ech703|94	WP_009113827.1|csp22_consensus|Full_Seq|Dickeya|Dickeya_dadantii_CZ1501|7731
WP_015853961.1|csp22_consensus|Full_Seq|Dickeya|Dickeya_paradisiaca_Ech703|94	WP_012769694.1|csp22_consensus|Full_Seq|Dickeya|Dickeya_dadantii_CZ1501|7732
WP_015853961.1|csp22_consensus|Full_Seq|Dickeya|Dickeya_paradisiaca_Ech703|94	WP_013319797.1|csp22_consensus|Full_Seq|Dickeya|Dickeya_dadantii_CZ1501|7734
WP_015853961.1|csp22_consensus|Full_Seq|Dickeya|Dickeya_paradisiaca_Ech703|94	WP_005968829.1|csp22_consensus|Full_Seq|Dickeya|Dickeya_fangzhongdai_DSM101947|9763
WP_015853961.1|csp22_consensus|Full_Seq|Dickeya|Dickeya_paradisiaca_Ech703|94	WP_009113827.1|csp22_consensus|Full_Seq|Dickeya|Dickeya_fangzhongdai_DSM101947|9764
WP_015853961.1|csp22_consensus|Full_Seq|Dickeya|Dickeya_paradisiaca_Ech703|94	WP_013319797.1|csp22_consensus|Full_Seq|Dickeya|Dickeya_fangzhongdai_DSM101947|9766
WP_015853961.1|csp22_consensus|Full_Seq|Dickeya|Dickeya_paradisiaca_Ech703|94	WP_009113827.1|csp22_consensus|Full_Seq|Dickeya|Dickeya_solani_Ds0432-1|9827
WP_015853961.1|csp22_consensus|Full_Seq|Dickeya|Dickeya_paradisiaca_Ech703|94	WP_012769694.1|csp22_consensus|Full_Seq|Dickeya|Dickeya_solani_Ds0432-1|9828
WP_015853961.1|csp22_consensus|Full_Seq|Dickeya|Dickeya_paradisiaca_Ech703|94	WP_022635207.1|csp22_consensus|Full_Seq|Dickeya|Dickeya_solani_Ds0432-1|9832
WP_015853961.1|csp22_consensus|Full_Seq|Dickeya|Dickeya_paradisiaca_Ech703|94	WP_009113827.1|csp22_consensus|Full_Seq|Dickeya|Dickeya_zeae_MS2|9899
WP_015853961.1|csp22_consensus|Full_Seq|Dickeya|Dickeya_paradisiaca_Ech703|94	WP_012768004.1|csp22_consensus|Full_Seq|Dickeya|Dickeya_zeae_MS2|9900
WP_015853961.1|csp22_consensus|Full_Seq|Dickeya|Dickeya_paradisiaca_Ech703|94	WP_012769694.1|csp22_consensus|Full_Seq|Dickeya|Dickeya_zeae_MS2|9901
WP_015853961.1|csp22_consensus|Full_Seq|Dickeya|Dickeya_paradisiaca_Ech703|94	WP_009113827.1|csp22_consensus|Full_Seq|Dickeya|Dickeya_dianthicola_DE440|10258
WP_015853961.1|csp22_consensus|Full_Seq|Dickeya|Dickeya_paradisiaca_Ech703|94	WP_012769694.1|csp22_consensus|Full_Seq|Dickeya|Dickeya_dianthicola_DE440|10259
WP_015853961.1|csp22_consensus|Full_Seq|Dickeya|Dickeya_paradisiaca_Ech703|94	WP_022635207.1|csp22_consensus|Full_Seq|Dickeya|Dickeya_dianthicola_DE440|10260
WP_015853961.1|csp22_consensus|Full_Seq|Dickeya|Dickeya_paradisiaca_Ech703|94	WP_009113827.1|csp22_consensus|Full_Seq|Dickeya|Dickeya_dianthicola_WV516|10265
WP_015853961.1|csp22_consensus|Full_Seq|Dickeya|Dickeya_paradisiaca_Ech703|94	WP_012769694.1|csp22_consensus|Full_Seq|Dickeya|Dickeya_dianthicola_WV516|10266
WP_015853961.1|csp22_consensus|Full_Seq|Dickeya|Dickeya_paradisiaca_Ech703|94	WP_022635207.1|csp22_consensus|Full_Seq|Dickeya|Dickeya_dianthicola_WV516|10267
WP_015853961.1|csp22_consensus|Full_Seq|Dickeya|Dickeya_paradisiaca_Ech703|94	WP_009113827.1|csp22_consensus|Full_Seq|Dickeya|Dickeya_solani_F012|10471
WP_015853961.1|csp22_consensus|Full_Seq|Dickeya|Dickeya_paradisiaca_Ech703|94	WP_012769694.1|csp22_consensus|Full_Seq|Dickeya|Dickeya_solani_F012|10472
WP_015853961.1|csp22_consensus|Full_Seq|Dickeya|Dickeya_paradisiaca_Ech703|94	WP_022635207.1|csp22_consensus|Full_Seq|Dickeya|Dickeya_solani_F012|10475
WP_015853961.1|csp22_consensus|Full_Seq|Dickeya|Dickeya_paradisiaca_Ech703|94	WP_009113827.1|csp22_consensus|Full_Seq|Dickeya|Dickeya_dadantii_DSM18020|11448
WP_015853961.1|csp22_consensus|Full_Seq|Dickeya|Dickeya_paradisiaca_Ech703|94	WP_012769694.1|csp22_consensus|Full_Seq|Dickeya|Dickeya_dadantii_DSM18020|11449
WP_015853961.1|csp22_consensus|Full_Seq|Dickeya|Dickeya_paradisiaca_Ech703|94	WP_013319797.1|csp22_consensus|Full_Seq|Dickeya|Dickeya_dadantii_DSM18020|11452
WP_015853961.1|csp22_consensus|Full_Seq|Dickeya|Dickeya_paradisiaca_Ech703|94	WP_005968829.1|csp22_consensus|Full_Seq|Dickeya|Dickeya_spp_Secpp1600|11455
WP_015853961.1|csp22_consensus|Full_Seq|Dickeya|Dickeya_paradisiaca_Ech703|94	WP_009113827.1|csp22_consensus|Full_Seq|Dickeya|Dickeya_spp_Secpp1600|11456
WP_015853961.1|csp22_consensus|Full_Seq|Dickeya|Dickeya_paradisiaca_Ech703|94	WP_013319797.1|csp22_consensus|Full_Seq|Dickeya|Dickeya_spp_Secpp1600|11458
WP_015853961.1|csp22_consensus|Full_Seq|Dickeya|Dickeya_paradisiaca_Ech703|94	WP_009113827.1|csp22_consensus|Full_Seq|Dickeya|Dickeya_dianthicola_SS70|11626
WP_015853961.1|csp22_consensus|Full_Seq|Dickeya|Dickeya_paradisiaca_Ech703|94	WP_012769694.1|csp22_consensus|Full_Seq|Dickeya|Dickeya_dianthicola_SS70|11627
WP_015853961.1|csp22_consensus|Full_Seq|Dickeya|Dickeya_paradisiaca_Ech703|94	WP_022635207.1|csp22_consensus|Full_Seq|Dickeya|Dickeya_dianthicola_SS70|11628
WP_015853961.1|csp22_consensus|Full_Seq|Dickeya|Dickeya_paradisiaca_Ech703|94	WP_009113827.1|csp22_consensus|Full_Seq|Dickeya|Dickeya_solani_IFB_0221|14631
WP_015853961.1|csp22_consensus|Full_Seq|Dickeya|Dickeya_paradisiaca_Ech703|94	WP_012769694.1|csp22_consensus|Full_Seq|Dickeya|Dickeya_solani_IFB_0221|14632
WP_015853961.1|csp22_consensus|Full_Seq|Dickeya|Dickeya_paradisiaca_Ech703|94	WP_022635207.1|csp22_consensus|Full_Seq|Dickeya|Dickeya_solani_IFB_0221|14634
WP_015853961.1|csp22_consensus|Full_Seq|Dickeya|Dickeya_paradisiaca_Ech703|94	WP_009113827.1|csp22_consensus|Full_Seq|Dickeya|Dickeya_solani_IFB_0158|14637
WP_015853961.1|csp22_consensus|Full_Seq|Dickeya|Dickeya_paradisiaca_Ech703|94	WP_012769694.1|csp22_consensus|Full_Seq|Dickeya|Dickeya_solani_IFB_0158|14638
WP_015853961.1|csp22_consensus|Full_Seq|Dickeya|Dickeya_paradisiaca_Ech703|94	WP_022635207.1|csp22_consensus|Full_Seq|Dickeya|Dickeya_solani_IFB_0158|14640
WP_015853961.1|csp22_consensus|Full_Seq|Dickeya|Dickeya_paradisiaca_Ech703|94	WP_005968829.1|csp22_consensus|Full_Seq|Dickeya|Dickeya_fangzhongdai_PA1|14761
WP_015853961.1|csp22_consensus|Full_Seq|Dickeya|Dickeya_paradisiaca_Ech703|94	WP_009113827.1|csp22_consensus|Full_Seq|Dickeya|Dickeya_fangzhongdai_PA1|14762
WP_015853961.1|csp22_consensus|Full_Seq|Dickeya|Dickeya_paradisiaca_Ech703|94	WP_013319797.1|csp22_consensus|Full_Seq|Dickeya|Dickeya_fangzhongdai_PA1|14764
WP_015853961.1|csp22_consensus|Full_Seq|Dickeya|Dickeya_paradisiaca_Ech703|94	WP_009113827.1|csp22_consensus|Full_Seq|Dickeya|Dickeya_solani_IFB0223|15924
WP_015853961.1|csp22_consensus|Full_Seq|Dickeya|Dickeya_paradisiaca_Ech703|94	WP_012769694.1|csp22_consensus|Full_Seq|Dickeya|Dickeya_solani_IFB0223|15925
WP_015853961.1|csp22_consensus|Full_Seq|Dickeya|Dickeya_paradisiaca_Ech703|94	WP_022635207.1|csp22_consensus|Full_Seq|Dickeya|Dickeya_solani_IFB0223|15929
WP_015853961.1|csp22_consensus|Full_Seq|Dickeya|Dickeya_paradisiaca_Ech703|94	WP_005968829.1|csp22_consensus|Full_Seq|Dickeya|Dickeya_undicola_FVG10-MFV-A16|16046
WP_015853961.1|csp22_consensus|Full_Seq|Dickeya|Dickeya_paradisiaca_Ech703|94	WP_009113827.1|csp22_consensus|Full_Seq|Dickeya|Dickeya_undicola_FVG10-MFV-A16|16047
WP_015853961.1|csp22_consensus|Full_Seq|Dickeya|Dickeya_paradisiaca_Ech703|94	WP_013319797.1|csp22_consensus|Full_Seq|Dickeya|Dickeya_undicola_FVG10-MFV-A16|16048
WP_015853961.1|csp22_consensus|Full_Seq|Dickeya|Dickeya_paradisiaca_Ech703|94	WP_005968829.1|csp22_consensus|Full_Seq|Dickeya|Dickeya_undicola_FVG1-MFV-O17|16052
WP_015853961.1|csp22_consensus|Full_Seq|Dickeya|Dickeya_paradisiaca_Ech703|94	WP_009113827.1|csp22_consensus|Full_Seq|Dickeya|Dickeya_undicola_FVG1-MFV-O17|16053
WP_015853961.1|csp22_consensus|Full_Seq|Dickeya|Dickeya_paradisiaca_Ech703|94	WP_013319797.1|csp22_consensus|Full_Seq|Dickeya|Dickeya_undicola_FVG1-MFV-O17|16054
WP_015853961.1|csp22_consensus|Full_Seq|Dickeya|Dickeya_paradisiaca_Ech703|94	WP_009113827.1|csp22_consensus|Full_Seq|Dickeya|Dickeya_lacustris_S29|16769
WP_015853961.1|csp22_consensus|Full_Seq|Dickeya|Dickeya_paradisiaca_Ech703|94	WP_012769694.1|csp22_consensus|Full_Seq|Dickeya|Dickeya_lacustris_S29|16770
WP_015853961.1|csp22_consensus|Full_Seq|Dickeya|Dickeya_paradisiaca_Ech703|94	WP_125258121.1|csp22_consensus|Full_Seq|Dickeya|Dickeya_lacustris_S29|16771
WP_015853961.1|csp22_consensus|Full_Seq|Dickeya|Dickeya_paradisiaca_Ech703|94	WP_009113827.1|csp22_consensus|Full_Seq|Dickeya|Dickeya_spp_ws52|18288
WP_015853961.1|csp22_consensus|Full_Seq|Dickeya|Dickeya_paradisiaca_Ech703|94	WP_012768004.1|csp22_consensus|Full_Seq|Dickeya|Dickeya_spp_ws52|18289
WP_015853961.1|csp22_consensus|Full_Seq|Dickeya|Dickeya_paradisiaca_Ech703|94	WP_012769694.1|csp22_consensus|Full_Seq|Dickeya|Dickeya_spp_ws52|18290
WP_015853961.1|csp22_consensus|Full_Seq|Dickeya|Dickeya_paradisiaca_Ech703|94	WP_009113827.1|csp22_consensus|Full_Seq|Dickeya|Dickeya_oryzae_ZYY5|18932
WP_015853961.1|csp22_consensus|Full_Seq|Dickeya|Dickeya_paradisiaca_Ech703|94	WP_012768004.1|csp22_consensus|Full_Seq|Dickeya|Dickeya_oryzae_ZYY5|18933
WP_015853961.1|csp22_consensus|Full_Seq|Dickeya|Dickeya_paradisiaca_Ech703|94	WP_012769694.1|csp22_consensus|Full_Seq|Dickeya|Dickeya_oryzae_ZYY5|18934
WP_015853961.1|csp22_consensus|Full_Seq|Dickeya|Dickeya_paradisiaca_Ech703|94	WP_005968829.1|csp22_consensus|Full_Seq|Dickeya|Dickeya_fangzhongdai_AP6|19512
WP_015853961.1|csp22_consensus|Full_Seq|Dickeya|Dickeya_paradisiaca_Ech703|94	WP_009113827.1|csp22_consensus|Full_Seq|Dickeya|Dickeya_fangzhongdai_AP6|19513
WP_015853961.1|csp22_consensus|Full_Seq|Dickeya|Dickeya_paradisiaca_Ech703|94	WP_013319797.1|csp22_consensus|Full_Seq|Dickeya|Dickeya_fangzhongdai_AP6|19514
WP_015853961.1|csp22_consensus|Full_Seq|Dickeya|Dickeya_paradisiaca_Ech703|94	WP_009113827.1|csp22_consensus|Full_Seq|Dickeya|Dickeya_dianthicola_CFBP1888|19527
WP_015853961.1|csp22_consensus|Full_Seq|Dickeya|Dickeya_paradisiaca_Ech703|94	WP_012769694.1|csp22_consensus|Full_Seq|Dickeya|Dickeya_dianthicola_CFBP1888|19528
WP_015853961.1|csp22_consensus|Full_Seq|Dickeya|Dickeya_paradisiaca_Ech703|94	WP_022635207.1|csp22_consensus|Full_Seq|Dickeya|Dickeya_dianthicola_CFBP1888|19529
WP_015853961.1|csp22_consensus|Full_Seq|Dickeya|Dickeya_paradisiaca_Ech703|94	WP_009113827.1|csp22_consensus|Full_Seq|Dickeya|Dickeya_dianthicola_CFBP2015|19533
WP_015853961.1|csp22_consensus|Full_Seq|Dickeya|Dickeya_paradisiaca_Ech703|94	WP_012769694.1|csp22_consensus|Full_Seq|Dickeya|Dickeya_dianthicola_CFBP2015|19534
WP_015853961.1|csp22_consensus|Full_Seq|Dickeya|Dickeya_paradisiaca_Ech703|94	WP_022635207.1|csp22_consensus|Full_Seq|Dickeya|Dickeya_dianthicola_CFBP2015|19535
WP_015853961.1|csp22_consensus|Full_Seq|Dickeya|Dickeya_paradisiaca_Ech703|94	WP_009113827.1|csp22_consensus|Full_Seq|Dickeya|Dickeya_solani_M21a|19539
WP_015853961.1|csp22_consensus|Full_Seq|Dickeya|Dickeya_paradisiaca_Ech703|94	WP_012769694.1|csp22_consensus|Full_Seq|Dickeya|Dickeya_solani_M21a|19540
WP_015853961.1|csp22_consensus|Full_Seq|Dickeya|Dickeya_paradisiaca_Ech703|94	WP_022635207.1|csp22_consensus|Full_Seq|Dickeya|Dickeya_solani_M21a|19544
WP_015853961.1|csp22_consensus|Full_Seq|Dickeya|Dickeya_paradisiaca_Ech703|94	WP_009113827.1|csp22_consensus|Full_Seq|Dickeya|Dickeya_dianthicola_CFBP2982|19545
WP_015853961.1|csp22_consensus|Full_Seq|Dickeya|Dickeya_paradisiaca_Ech703|94	WP_012769694.1|csp22_consensus|Full_Seq|Dickeya|Dickeya_dianthicola_CFBP2982|19546
WP_015853961.1|csp22_consensus|Full_Seq|Dickeya|Dickeya_paradisiaca_Ech703|94	WP_022635207.1|csp22_consensus|Full_Seq|Dickeya|Dickeya_dianthicola_CFBP2982|19547
WP_015853961.1|csp22_consensus|Full_Seq|Dickeya|Dickeya_paradisiaca_Ech703|94	WP_009113827.1|csp22_consensus|Full_Seq|Dickeya|Dickeya_dianthicola_MIE34|19551
WP_015853961.1|csp22_consensus|Full_Seq|Dickeya|Dickeya_paradisiaca_Ech703|94	WP_012769694.1|csp22_consensus|Full_Seq|Dickeya|Dickeya_dianthicola_MIE34|19552
WP_015853961.1|csp22_consensus|Full_Seq|Dickeya|Dickeya_paradisiaca_Ech703|94	WP_022635207.1|csp22_consensus|Full_Seq|Dickeya|Dickeya_dianthicola_MIE34|19553
WP_015853961.1|csp22_consensus|Full_Seq|Dickeya|Dickeya_paradisiaca_Ech703|94	WP_009113827.1|csp22_consensus|Full_Seq|Dickeya|Dickeya_dianthicola_RNS11-47-1-1A|19557
WP_015853961.1|csp22_consensus|Full_Seq|Dickeya|Dickeya_paradisiaca_Ech703|94	WP_012769694.1|csp22_consensus|Full_Seq|Dickeya|Dickeya_dianthicola_RNS11-47-1-1A|19558
WP_015853961.1|csp22_consensus|Full_Seq|Dickeya|Dickeya_paradisiaca_Ech703|94	WP_022635207.1|csp22_consensus|Full_Seq|Dickeya|Dickeya_dianthicola_RNS11-47-1-1A|19559
WP_015853961.1|csp22_consensus|Full_Seq|Dickeya|Dickeya_paradisiaca_Ech703|94	WP_009113827.1|csp22_consensus|Full_Seq|Dickeya|Dickeya_solani_Sp1a|19563
WP_015853961.1|csp22_consensus|Full_Seq|Dickeya|Dickeya_paradisiaca_Ech703|94	WP_012769694.1|csp22_consensus|Full_Seq|Dickeya|Dickeya_solani_Sp1a|19564
WP_015853961.1|csp22_consensus|Full_Seq|Dickeya|Dickeya_paradisiaca_Ech703|94	WP_022635207.1|csp22_consensus|Full_Seq|Dickeya|Dickeya_solani_Sp1a|19568
WP_015853961.1|csp22_consensus|Full_Seq|Dickeya|Dickeya_paradisiaca_Ech703|94	WP_009113827.1|csp22_consensus|Full_Seq|Dickeya|Dickeya_dadantii_BI3-1|19616
WP_015853961.1|csp22_consensus|Full_Seq|Dickeya|Dickeya_paradisiaca_Ech703|94	WP_012769694.1|csp22_consensus|Full_Seq|Dickeya|Dickeya_dadantii_BI3-1|19617
WP_015853961.1|csp22_consensus|Full_Seq|Dickeya|Dickeya_paradisiaca_Ech703|94	WP_013319797.1|csp22_consensus|Full_Seq|Dickeya|Dickeya_dadantii_BI3-1|19621
WP_015853961.1|csp22_consensus|Full_Seq|Dickeya|Dickeya_paradisiaca_Ech703|94	WP_009113827.1|csp22_consensus|Full_Seq|Dickeya|Dickeya_spp_CFBP2040|20160
WP_015853961.1|csp22_consensus|Full_Seq|Dickeya|Dickeya_paradisiaca_Ech703|94	WP_012768004.1|csp22_consensus|Full_Seq|Dickeya|Dickeya_spp_CFBP2040|20161
WP_015853961.1|csp22_consensus|Full_Seq|Dickeya|Dickeya_paradisiaca_Ech703|94	WP_012769694.1|csp22_consensus|Full_Seq|Dickeya|Dickeya_spp_CFBP2040|20162
WP_015853961.1|csp22_consensus|Full_Seq|Dickeya|Dickeya_paradisiaca_Ech703|94	WP_009113827.1|csp22_consensus|Full_Seq|Dickeya|Dickeya_zeae_EC2|20174
WP_015853961.1|csp22_consensus|Full_Seq|Dickeya|Dickeya_paradisiaca_Ech703|94	WP_012768004.1|csp22_consensus|Full_Seq|Dickeya|Dickeya_zeae_EC2|20175
WP_015853961.1|csp22_consensus|Full_Seq|Dickeya|Dickeya_paradisiaca_Ech703|94	WP_012769694.1|csp22_consensus|Full_Seq|Dickeya|Dickeya_zeae_EC2|20176
WP_015853961.1|csp22_consensus|Full_Seq|Dickeya|Dickeya_paradisiaca_Ech703|94	WP_009113827.1|csp22_consensus|Full_Seq|Dickeya|Dickeya_zeae_CE1|20183
WP_015853961.1|csp22_consensus|Full_Seq|Dickeya|Dickeya_paradisiaca_Ech703|94	WP_012768004.1|csp22_consensus|Full_Seq|Dickeya|Dickeya_zeae_CE1|20184
WP_015853961.1|csp22_consensus|Full_Seq|Dickeya|Dickeya_paradisiaca_Ech703|94	WP_012769694.1|csp22_consensus|Full_Seq|Dickeya|Dickeya_zeae_CE1|20185
WP_015853961.1|csp22_consensus|Full_Seq|Dickeya|Dickeya_paradisiaca_Ech703|94	WP_009113827.1|csp22_consensus|Full_Seq|Dickeya|Dickeya_dadantii_Yana2-2|21118
WP_015853961.1|csp22_consensus|Full_Seq|Dickeya|Dickeya_paradisiaca_Ech703|94	WP_012769694.1|csp22_consensus|Full_Seq|Dickeya|Dickeya_dadantii_Yana2-2|21119
WP_015853961.1|csp22_consensus|Full_Seq|Dickeya|Dickeya_paradisiaca_Ech703|94	WP_013319797.1|csp22_consensus|Full_Seq|Dickeya|Dickeya_dadantii_Yana2-2|21123
WP_015853961.1|csp22_consensus|Full_Seq|Dickeya|Dickeya_paradisiaca_Ech703|94	WP_009113827.1|csp22_consensus|Full_Seq|Dickeya|Dickeya_dadantii_Housui2-1|21124
WP_015853961.1|csp22_consensus|Full_Seq|Dickeya|Dickeya_paradisiaca_Ech703|94	WP_012769694.1|csp22_consensus|Full_Seq|Dickeya|Dickeya_dadantii_Housui2-1|21125
WP_015853961.1|csp22_consensus|Full_Seq|Dickeya|Dickeya_paradisiaca_Ech703|94	WP_013319797.1|csp22_consensus|Full_Seq|Dickeya|Dickeya_dadantii_Housui2-1|21129
WP_015853961.1|csp22_consensus|Full_Seq|Dickeya|Dickeya_paradisiaca_Ech703|94	WP_009113827.1|csp22_consensus|Full_Seq|Dickeya|Dickeya_dadantii_Kousui1-1|21130
WP_015853961.1|csp22_consensus|Full_Seq|Dickeya|Dickeya_paradisiaca_Ech703|94	WP_012769694.1|csp22_consensus|Full_Seq|Dickeya|Dickeya_dadantii_Kousui1-1|21131
WP_015853961.1|csp22_consensus|Full_Seq|Dickeya|Dickeya_paradisiaca_Ech703|94	WP_013319797.1|csp22_consensus|Full_Seq|Dickeya|Dickeya_dadantii_Kousui1-1|21135
WP_015853961.1|csp22_consensus|Full_Seq|Dickeya|Dickeya_paradisiaca_Ech703|94	WP_009113827.1|csp22_consensus|Full_Seq|Dickeya|Dickeya_dadantii_Aka1-1|21136
WP_015853961.1|csp22_consensus|Full_Seq|Dickeya|Dickeya_paradisiaca_Ech703|94	WP_012769694.1|csp22_consensus|Full_Seq|Dickeya|Dickeya_dadantii_Aka1-1|21137
WP_015853961.1|csp22_consensus|Full_Seq|Dickeya|Dickeya_paradisiaca_Ech703|94	WP_013319797.1|csp22_consensus|Full_Seq|Dickeya|Dickeya_dadantii_Aka1-1|21141
WP_015853961.1|csp22_consensus|Full_Seq|Dickeya|Dickeya_paradisiaca_Ech703|94	WP_009113827.1|csp22_consensus|Full_Seq|Dickeya|Dickeya_dadantii_BI1-1|21143
WP_015853961.1|csp22_consensus|Full_Seq|Dickeya|Dickeya_paradisiaca_Ech703|94	WP_012769694.1|csp22_consensus|Full_Seq|Dickeya|Dickeya_dadantii_BI1-1|21144
WP_015853961.1|csp22_consensus|Full_Seq|Dickeya|Dickeya_paradisiaca_Ech703|94	WP_013319797.1|csp22_consensus|Full_Seq|Dickeya|Dickeya_dadantii_BI1-1|21148
WP_015853961.1|csp22_consensus|Full_Seq|Dickeya|Dickeya_paradisiaca_Ech703|94	WP_009113827.1|csp22_consensus|Full_Seq|Dickeya|Dickeya_dadantii_Kunimi-3|21149
WP_015853961.1|csp22_consensus|Full_Seq|Dickeya|Dickeya_paradisiaca_Ech703|94	WP_012769694.1|csp22_consensus|Full_Seq|Dickeya|Dickeya_dadantii_Kunimi-3|21150
WP_015853961.1|csp22_consensus|Full_Seq|Dickeya|Dickeya_paradisiaca_Ech703|94	WP_013319797.1|csp22_consensus|Full_Seq|Dickeya|Dickeya_dadantii_Kunimi-3|21154
WP_015853961.1|csp22_consensus|Full_Seq|Dickeya|Dickeya_paradisiaca_Ech703|94	WP_009113827.1|csp22_consensus|Full_Seq|Dickeya|Dickeya_solani_IFB0167|22934
WP_015853961.1|csp22_consensus|Full_Seq|Dickeya|Dickeya_paradisiaca_Ech703|94	WP_012769694.1|csp22_consensus|Full_Seq|Dickeya|Dickeya_solani_IFB0167|22935
WP_015853961.1|csp22_consensus|Full_Seq|Dickeya|Dickeya_paradisiaca_Ech703|94	WP_022635207.1|csp22_consensus|Full_Seq|Dickeya|Dickeya_solani_IFB0167|22939
WP_015853961.1|csp22_consensus|Full_Seq|Dickeya|Dickeya_paradisiaca_Ech703|94	WP_009113827.1|csp22_consensus|Full_Seq|Dickeya|Dickeya_solani_IFB0231|22942
WP_015853961.1|csp22_consensus|Full_Seq|Dickeya|Dickeya_paradisiaca_Ech703|94	WP_012769694.1|csp22_consensus|Full_Seq|Dickeya|Dickeya_solani_IFB0231|22943
WP_015853961.1|csp22_consensus|Full_Seq|Dickeya|Dickeya_paradisiaca_Ech703|94	WP_022635207.1|csp22_consensus|Full_Seq|Dickeya|Dickeya_solani_IFB0231|22947
WP_015853961.1|csp22_consensus|Full_Seq|Dickeya|Dickeya_paradisiaca_Ech703|94	WP_009113827.1|csp22_consensus|Full_Seq|Dickeya|Dickeya_solani_IFB0421|22950
WP_015853961.1|csp22_consensus|Full_Seq|Dickeya|Dickeya_paradisiaca_Ech703|94	WP_012769694.1|csp22_consensus|Full_Seq|Dickeya|Dickeya_solani_IFB0421|22951
WP_015853961.1|csp22_consensus|Full_Seq|Dickeya|Dickeya_paradisiaca_Ech703|94	WP_022635207.1|csp22_consensus|Full_Seq|Dickeya|Dickeya_solani_IFB0421|22955
WP_015853961.1|csp22_consensus|Full_Seq|Dickeya|Dickeya_paradisiaca_Ech703|94	WP_009113827.1|csp22_consensus|Full_Seq|Dickeya|Dickeya_solani_IFB0212|22983
WP_015853961.1|csp22_consensus|Full_Seq|Dickeya|Dickeya_paradisiaca_Ech703|94	WP_012769694.1|csp22_consensus|Full_Seq|Dickeya|Dickeya_solani_IFB0212|22984
WP_015853961.1|csp22_consensus|Full_Seq|Dickeya|Dickeya_paradisiaca_Ech703|94	WP_022635207.1|csp22_consensus|Full_Seq|Dickeya|Dickeya_solani_IFB0212|22989
WP_015853961.1|csp22_consensus|Full_Seq|Dickeya|Dickeya_paradisiaca_Ech703|94	WP_009113827.1|csp22_consensus|Full_Seq|Dickeya|Dickeya_solani_IFB0311|22990
WP_015853961.1|csp22_consensus|Full_Seq|Dickeya|Dickeya_paradisiaca_Ech703|94	WP_012769694.1|csp22_consensus|Full_Seq|Dickeya|Dickeya_solani_IFB0311|22991
WP_015853961.1|csp22_consensus|Full_Seq|Dickeya|Dickeya_paradisiaca_Ech703|94	WP_022635207.1|csp22_consensus|Full_Seq|Dickeya|Dickeya_solani_IFB0311|22996
WP_015853961.1|csp22_consensus|Full_Seq|Dickeya|Dickeya_paradisiaca_Ech703|94	WP_009113827.1|csp22_consensus|Full_Seq|Dickeya|Dickeya_solani_IFB0695|22997
WP_015853961.1|csp22_consensus|Full_Seq|Dickeya|Dickeya_paradisiaca_Ech703|94	WP_012769694.1|csp22_consensus|Full_Seq|Dickeya|Dickeya_solani_IFB0695|22998
WP_015853961.1|csp22_consensus|Full_Seq|Dickeya|Dickeya_paradisiaca_Ech703|94	WP_022635207.1|csp22_consensus|Full_Seq|Dickeya|Dickeya_solani_IFB0695|23003
WP_015853961.1|csp22_consensus|Full_Seq|Dickeya|Dickeya_paradisiaca_Ech703|94	WP_009113827.1|csp22_consensus|Full_Seq|Dickeya|Dickeya_solani_D12|24202
WP_015853961.1|csp22_consensus|Full_Seq|Dickeya|Dickeya_paradisiaca_Ech703|94	WP_012769694.1|csp22_consensus|Full_Seq|Dickeya|Dickeya_solani_D12|24203
WP_015853961.1|csp22_consensus|Full_Seq|Dickeya|Dickeya_paradisiaca_Ech703|94	WP_022635207.1|csp22_consensus|Full_Seq|Dickeya|Dickeya_solani_D12|24208
WP_015853961.1|csp22_consensus|Full_Seq|Dickeya|Dickeya_paradisiaca_Ech703|94	WP_005968829.1|csp22_consensus|Full_Seq|Dickeya|Dickeya_fangzhongdai_LN1|24341
WP_015853961.1|csp22_consensus|Full_Seq|Dickeya|Dickeya_paradisiaca_Ech703|94	WP_009113827.1|csp22_consensus|Full_Seq|Dickeya|Dickeya_fangzhongdai_LN1|24342
WP_015853961.1|csp22_consensus|Full_Seq|Dickeya|Dickeya_paradisiaca_Ech703|94	WP_013319797.1|csp22_consensus|Full_Seq|Dickeya|Dickeya_fangzhongdai_LN1|24344
WP_015853961.1|csp22_consensus|Full_Seq|Dickeya|Dickeya_paradisiaca_Ech703|94	WP_005968829.1|csp22_consensus|Full_Seq|Dickeya|Dickeya_fangzhongdai_QZH3|24348
WP_015853961.1|csp22_consensus|Full_Seq|Dickeya|Dickeya_paradisiaca_Ech703|94	WP_009113827.1|csp22_consensus|Full_Seq|Dickeya|Dickeya_fangzhongdai_QZH3|24349
WP_015853961.1|csp22_consensus|Full_Seq|Dickeya|Dickeya_paradisiaca_Ech703|94	WP_013319797.1|csp22_consensus|Full_Seq|Dickeya|Dickeya_fangzhongdai_QZH3|24351
WP_015853961.1|csp22_consensus|Full_Seq|Dickeya|Dickeya_paradisiaca_Ech703|94	WP_012764705.1|csp22_consensus|Full_Seq|Dickeya|Dickeya_paradisiaca_A3967|24355
WP_015853961.1|csp22_consensus|Full_Seq|Dickeya|Dickeya_paradisiaca_Ech703|94	WP_015853726.1|csp22_consensus|Full_Seq|Dickeya|Dickeya_paradisiaca_A3967|24356
WP_015853961.1|csp22_consensus|Full_Seq|Dickeya|Dickeya_paradisiaca_Ech703|94	WP_015853818.1|csp22_consensus|Full_Seq|Dickeya|Dickeya_paradisiaca_A3967|24357
WP_015853961.1|csp22_consensus|Full_Seq|Dickeya|Dickeya_paradisiaca_Ech703|94	WP_009113827.1|csp22_consensus|Full_Seq|Dickeya|Dickeya_dianthicola_67-19|24413
WP_015853961.1|csp22_consensus|Full_Seq|Dickeya|Dickeya_paradisiaca_Ech703|94	WP_012769694.1|csp22_consensus|Full_Seq|Dickeya|Dickeya_dianthicola_67-19|24414
WP_015853961.1|csp22_consensus|Full_Seq|Dickeya|Dickeya_paradisiaca_Ech703|94	WP_022635207.1|csp22_consensus|Full_Seq|Dickeya|Dickeya_dianthicola_67-19|24416
WP_015853961.1|csp22_consensus|Full_Seq|Dickeya|Dickeya_paradisiaca_Ech703|94	WP_009113827.1|csp22_consensus|Full_Seq|Dickeya|Dickeya_dianthicola_NY1760A|25381
WP_015853961.1|csp22_consensus|Full_Seq|Dickeya|Dickeya_paradisiaca_Ech703|94	WP_012769694.1|csp22_consensus|Full_Seq|Dickeya|Dickeya_dianthicola_NY1760A|25382
WP_015853961.1|csp22_consensus|Full_Seq|Dickeya|Dickeya_paradisiaca_Ech703|94	WP_022635207.1|csp22_consensus|Full_Seq|Dickeya|Dickeya_dianthicola_NY1760A|25383
WP_015853961.1|csp22_consensus|Full_Seq|Dickeya|Dickeya_paradisiaca_Ech703|94	WP_009113827.1|csp22_consensus|Full_Seq|Dickeya|Dickeya_dianthicola_NY1746A|25388
WP_015853961.1|csp22_consensus|Full_Seq|Dickeya|Dickeya_paradisiaca_Ech703|94	WP_012769694.1|csp22_consensus|Full_Seq|Dickeya|Dickeya_dianthicola_NY1746A|25389
WP_015853961.1|csp22_consensus|Full_Seq|Dickeya|Dickeya_paradisiaca_Ech703|94	WP_022635207.1|csp22_consensus|Full_Seq|Dickeya|Dickeya_dianthicola_NY1746A|25390
WP_015853961.1|csp22_consensus|Full_Seq|Dickeya|Dickeya_paradisiaca_Ech703|94	WP_009113827.1|csp22_consensus|Full_Seq|Dickeya|Dickeya_dianthicola_NY1785A|25395
WP_015853961.1|csp22_consensus|Full_Seq|Dickeya|Dickeya_paradisiaca_Ech703|94	WP_012769694.1|csp22_consensus|Full_Seq|Dickeya|Dickeya_dianthicola_NY1785A|25396
WP_015853961.1|csp22_consensus|Full_Seq|Dickeya|Dickeya_paradisiaca_Ech703|94	WP_022635207.1|csp22_consensus|Full_Seq|Dickeya|Dickeya_dianthicola_NY1785A|25397
WP_015853961.1|csp22_consensus|Full_Seq|Dickeya|Dickeya_paradisiaca_Ech703|94	WP_009113827.1|csp22_consensus|Full_Seq|Dickeya|Dickeya_dianthicola_NY1758A|25402
WP_015853961.1|csp22_consensus|Full_Seq|Dickeya|Dickeya_paradisiaca_Ech703|94	WP_012769694.1|csp22_consensus|Full_Seq|Dickeya|Dickeya_dianthicola_NY1758A|25403
WP_015853961.1|csp22_consensus|Full_Seq|Dickeya|Dickeya_paradisiaca_Ech703|94	WP_022635207.1|csp22_consensus|Full_Seq|Dickeya|Dickeya_dianthicola_NY1758A|25404
WP_015853961.1|csp22_consensus|Full_Seq|Dickeya|Dickeya_paradisiaca_Ech703|94	WP_009113827.1|csp22_consensus|Full_Seq|Dickeya|Dickeya_dianthicola_NY1719A|25409
WP_015853961.1|csp22_consensus|Full_Seq|Dickeya|Dickeya_paradisiaca_Ech703|94	WP_012769694.1|csp22_consensus|Full_Seq|Dickeya|Dickeya_dianthicola_NY1719A|25410
WP_015853961.1|csp22_consensus|Full_Seq|Dickeya|Dickeya_paradisiaca_Ech703|94	WP_022635207.1|csp22_consensus|Full_Seq|Dickeya|Dickeya_dianthicola_NY1719A|25411
WP_015853961.1|csp22_consensus|Full_Seq|Dickeya|Dickeya_paradisiaca_Ech703|94	WP_009113827.1|csp22_consensus|Full_Seq|Dickeya|Dickeya_dianthicola_NY1578A|25416
WP_015853961.1|csp22_consensus|Full_Seq|Dickeya|Dickeya_paradisiaca_Ech703|94	WP_012769694.1|csp22_consensus|Full_Seq|Dickeya|Dickeya_dianthicola_NY1578A|25417
WP_015853961.1|csp22_consensus|Full_Seq|Dickeya|Dickeya_paradisiaca_Ech703|94	WP_022635207.1|csp22_consensus|Full_Seq|Dickeya|Dickeya_dianthicola_NY1578A|25418
WP_015853961.1|csp22_consensus|Full_Seq|Dickeya|Dickeya_paradisiaca_Ech703|94	WP_009113827.1|csp22_consensus|Full_Seq|Dickeya|Dickeya_dianthicola_NY1713C|25423
WP_015853961.1|csp22_consensus|Full_Seq|Dickeya|Dickeya_paradisiaca_Ech703|94	WP_012769694.1|csp22_consensus|Full_Seq|Dickeya|Dickeya_dianthicola_NY1713C|25424
WP_015853961.1|csp22_consensus|Full_Seq|Dickeya|Dickeya_paradisiaca_Ech703|94	WP_022635207.1|csp22_consensus|Full_Seq|Dickeya|Dickeya_dianthicola_NY1713C|25425
WP_015853961.1|csp22_consensus|Full_Seq|Dickeya|Dickeya_paradisiaca_Ech703|94	WP_009113827.1|csp22_consensus|Full_Seq|Dickeya|Dickeya_dianthicola_NY1559C|25430
WP_015853961.1|csp22_consensus|Full_Seq|Dickeya|Dickeya_paradisiaca_Ech703|94	WP_012769694.1|csp22_consensus|Full_Seq|Dickeya|Dickeya_dianthicola_NY1559C|25431
WP_015853961.1|csp22_consensus|Full_Seq|Dickeya|Dickeya_paradisiaca_Ech703|94	WP_022635207.1|csp22_consensus|Full_Seq|Dickeya|Dickeya_dianthicola_NY1559C|25432
WP_015853961.1|csp22_consensus|Full_Seq|Dickeya|Dickeya_paradisiaca_Ech703|94	WP_009113827.1|csp22_consensus|Full_Seq|Dickeya|Dickeya_dianthicola_NY1562C|25437
WP_015853961.1|csp22_consensus|Full_Seq|Dickeya|Dickeya_paradisiaca_Ech703|94	WP_012769694.1|csp22_consensus|Full_Seq|Dickeya|Dickeya_dianthicola_NY1562C|25438
WP_015853961.1|csp22_consensus|Full_Seq|Dickeya|Dickeya_paradisiaca_Ech703|94	WP_022635207.1|csp22_consensus|Full_Seq|Dickeya|Dickeya_dianthicola_NY1562C|25439
WP_015853961.1|csp22_consensus|Full_Seq|Dickeya|Dickeya_paradisiaca_Ech703|94	WP_009113827.1|csp22_consensus|Full_Seq|Dickeya|Dickeya_dianthicola_NY1558D|25444
WP_015853961.1|csp22_consensus|Full_Seq|Dickeya|Dickeya_paradisiaca_Ech703|94	WP_012769694.1|csp22_consensus|Full_Seq|Dickeya|Dickeya_dianthicola_NY1558D|25445
WP_015853961.1|csp22_consensus|Full_Seq|Dickeya|Dickeya_paradisiaca_Ech703|94	WP_022635207.1|csp22_consensus|Full_Seq|Dickeya|Dickeya_dianthicola_NY1558D|25446
WP_015853961.1|csp22_consensus|Full_Seq|Dickeya|Dickeya_paradisiaca_Ech703|94	WP_009113827.1|csp22_consensus|Full_Seq|Dickeya|Dickeya_dianthicola_NY1547B|25451
WP_015853961.1|csp22_consensus|Full_Seq|Dickeya|Dickeya_paradisiaca_Ech703|94	WP_012769694.1|csp22_consensus|Full_Seq|Dickeya|Dickeya_dianthicola_NY1547B|25452
WP_015853961.1|csp22_consensus|Full_Seq|Dickeya|Dickeya_paradisiaca_Ech703|94	WP_022635207.1|csp22_consensus|Full_Seq|Dickeya|Dickeya_dianthicola_NY1547B|25453
WP_015853961.1|csp22_consensus|Full_Seq|Dickeya|Dickeya_paradisiaca_Ech703|94	WP_009113827.1|csp22_consensus|Full_Seq|Dickeya|Dickeya_dianthicola_NY1538B|25458
WP_015853961.1|csp22_consensus|Full_Seq|Dickeya|Dickeya_paradisiaca_Ech703|94	WP_012769694.1|csp22_consensus|Full_Seq|Dickeya|Dickeya_dianthicola_NY1538B|25459
WP_015853961.1|csp22_consensus|Full_Seq|Dickeya|Dickeya_paradisiaca_Ech703|94	WP_022635207.1|csp22_consensus|Full_Seq|Dickeya|Dickeya_dianthicola_NY1538B|25460
WP_015853961.1|csp22_consensus|Full_Seq|Dickeya|Dickeya_paradisiaca_Ech703|94	WP_009113827.1|csp22_consensus|Full_Seq|Dickeya|Dickeya_dianthicola_NY1557A|25465
WP_015853961.1|csp22_consensus|Full_Seq|Dickeya|Dickeya_paradisiaca_Ech703|94	WP_012769694.1|csp22_consensus|Full_Seq|Dickeya|Dickeya_dianthicola_NY1557A|25466
WP_015853961.1|csp22_consensus|Full_Seq|Dickeya|Dickeya_paradisiaca_Ech703|94	WP_022635207.1|csp22_consensus|Full_Seq|Dickeya|Dickeya_dianthicola_NY1557A|25467
WP_015853961.1|csp22_consensus|Full_Seq|Dickeya|Dickeya_paradisiaca_Ech703|94	WP_009113827.1|csp22_consensus|Full_Seq|Dickeya|Dickeya_dianthicola_NY1556C|25472
WP_015853961.1|csp22_consensus|Full_Seq|Dickeya|Dickeya_paradisiaca_Ech703|94	WP_012769694.1|csp22_consensus|Full_Seq|Dickeya|Dickeya_dianthicola_NY1556C|25473
WP_015853961.1|csp22_consensus|Full_Seq|Dickeya|Dickeya_paradisiaca_Ech703|94	WP_022635207.1|csp22_consensus|Full_Seq|Dickeya|Dickeya_dianthicola_NY1556C|25474
WP_015853961.1|csp22_consensus|Full_Seq|Dickeya|Dickeya_paradisiaca_Ech703|94	WP_009113827.1|csp22_consensus|Full_Seq|Dickeya|Dickeya_dianthicola_NY1536B|25479
WP_015853961.1|csp22_consensus|Full_Seq|Dickeya|Dickeya_paradisiaca_Ech703|94	WP_012769694.1|csp22_consensus|Full_Seq|Dickeya|Dickeya_dianthicola_NY1536B|25480
WP_015853961.1|csp22_consensus|Full_Seq|Dickeya|Dickeya_paradisiaca_Ech703|94	WP_022635207.1|csp22_consensus|Full_Seq|Dickeya|Dickeya_dianthicola_NY1536B|25481
WP_015853961.1|csp22_consensus|Full_Seq|Dickeya|Dickeya_paradisiaca_Ech703|94	WP_009113827.1|csp22_consensus|Full_Seq|Dickeya|Dickeya_solani_CH9918-774|26057
WP_015853961.1|csp22_consensus|Full_Seq|Dickeya|Dickeya_paradisiaca_Ech703|94	WP_012769694.1|csp22_consensus|Full_Seq|Dickeya|Dickeya_solani_CH9918-774|26058
WP_015853961.1|csp22_consensus|Full_Seq|Dickeya|Dickeya_paradisiaca_Ech703|94	WP_022635207.1|csp22_consensus|Full_Seq|Dickeya|Dickeya_solani_CH9918-774|26060
WP_015853961.1|csp22_consensus|Full_Seq|Dickeya|Dickeya_paradisiaca_Ech703|94	WP_009113827.1|csp22_consensus|Full_Seq|Dickeya|Dickeya_solani_CH05026|26063
WP_015853961.1|csp22_consensus|Full_Seq|Dickeya|Dickeya_paradisiaca_Ech703|94	WP_012769694.1|csp22_consensus|Full_Seq|Dickeya|Dickeya_solani_CH05026|26064
WP_015853961.1|csp22_consensus|Full_Seq|Dickeya|Dickeya_paradisiaca_Ech703|94	WP_022635207.1|csp22_consensus|Full_Seq|Dickeya|Dickeya_solani_CH05026|26066
WP_015853961.1|csp22_consensus|Full_Seq|Dickeya|Dickeya_paradisiaca_Ech703|94	WP_009113827.1|csp22_consensus|Full_Seq|Dickeya|Dickeya_solani_CH07044|26069
WP_015853961.1|csp22_consensus|Full_Seq|Dickeya|Dickeya_paradisiaca_Ech703|94	WP_012769694.1|csp22_consensus|Full_Seq|Dickeya|Dickeya_solani_CH07044|26070
WP_015853961.1|csp22_consensus|Full_Seq|Dickeya|Dickeya_paradisiaca_Ech703|94	WP_022635207.1|csp22_consensus|Full_Seq|Dickeya|Dickeya_solani_CH07044|26072
WP_015853961.1|csp22_consensus|Full_Seq|Dickeya|Dickeya_paradisiaca_Ech703|94	WP_009113827.1|csp22_consensus|Full_Seq|Dickeya|Dickeya_solani_CH9635-1|26075
WP_015853961.1|csp22_consensus|Full_Seq|Dickeya|Dickeya_paradisiaca_Ech703|94	WP_012769694.1|csp22_consensus|Full_Seq|Dickeya|Dickeya_solani_CH9635-1|26076
WP_015853961.1|csp22_consensus|Full_Seq|Dickeya|Dickeya_paradisiaca_Ech703|94	WP_022635207.1|csp22_consensus|Full_Seq|Dickeya|Dickeya_solani_CH9635-1|26078
WP_015853961.1|csp22_consensus|Full_Seq|Dickeya|Dickeya_paradisiaca_Ech703|94	WP_009113827.1|csp22_consensus|Full_Seq|Dickeya|Dickeya_solani_IPO2019|26906
WP_015853961.1|csp22_consensus|Full_Seq|Dickeya|Dickeya_paradisiaca_Ech703|94	WP_012769694.1|csp22_consensus|Full_Seq|Dickeya|Dickeya_solani_IPO2019|26907
WP_015853961.1|csp22_consensus|Full_Seq|Dickeya|Dickeya_paradisiaca_Ech703|94	WP_022635207.1|csp22_consensus|Full_Seq|Dickeya|Dickeya_solani_IPO2019|26911
WP_015853961.1|csp22_consensus|Full_Seq|Dickeya|Dickeya_paradisiaca_Ech703|94	WP_005968829.1|csp22_consensus|Full_Seq|Dickeya|Dickeya_fangzhongdai_908C|27096
WP_015853961.1|csp22_consensus|Full_Seq|Dickeya|Dickeya_paradisiaca_Ech703|94	WP_009113827.1|csp22_consensus|Full_Seq|Dickeya|Dickeya_fangzhongdai_908C|27097
WP_015853961.1|csp22_consensus|Full_Seq|Dickeya|Dickeya_paradisiaca_Ech703|94	WP_013319797.1|csp22_consensus|Full_Seq|Dickeya|Dickeya_fangzhongdai_908C|27098
WP_015853961.1|csp22_consensus|Full_Seq|Dickeya|Dickeya_paradisiaca_Ech703|94	WP_009113827.1|csp22_consensus|Full_Seq|Dickeya|Dickeya_oryzae_FVG03|27670
WP_015853961.1|csp22_consensus|Full_Seq|Dickeya|Dickeya_paradisiaca_Ech703|94	WP_012768004.1|csp22_consensus|Full_Seq|Dickeya|Dickeya_oryzae_FVG03|27671
WP_015853961.1|csp22_consensus|Full_Seq|Dickeya|Dickeya_paradisiaca_Ech703|94	WP_012769694.1|csp22_consensus|Full_Seq|Dickeya|Dickeya_oryzae_FVG03|27672
WP_015853961.1|csp22_consensus|Full_Seq|Dickeya|Dickeya_paradisiaca_Ech703|94	WP_009113827.1|csp22_consensus|Full_Seq|Dickeya|Dickeya_oryzae_S20|27677
WP_015853961.1|csp22_consensus|Full_Seq|Dickeya|Dickeya_paradisiaca_Ech703|94	WP_012768004.1|csp22_consensus|Full_Seq|Dickeya|Dickeya_oryzae_S20|27678
WP_015853961.1|csp22_consensus|Full_Seq|Dickeya|Dickeya_paradisiaca_Ech703|94	WP_012769694.1|csp22_consensus|Full_Seq|Dickeya|Dickeya_oryzae_S20|27679
WP_015853961.1|csp22_consensus|Full_Seq|Dickeya|Dickeya_paradisiaca_Ech703|94	WP_009113827.1|csp22_consensus|Full_Seq|Dickeya|Dickeya_oryzae_FVG08|27684
WP_015853961.1|csp22_consensus|Full_Seq|Dickeya|Dickeya_paradisiaca_Ech703|94	WP_012768004.1|csp22_consensus|Full_Seq|Dickeya|Dickeya_oryzae_FVG08|27685
WP_015853961.1|csp22_consensus|Full_Seq|Dickeya|Dickeya_paradisiaca_Ech703|94	WP_012769694.1|csp22_consensus|Full_Seq|Dickeya|Dickeya_oryzae_FVG08|27686
WP_015853961.1|csp22_consensus|Full_Seq|Dickeya|Dickeya_paradisiaca_Ech703|94	WP_009113827.1|csp22_consensus|Full_Seq|Dickeya|Dickeya_zeae_S31|27691
WP_015853961.1|csp22_consensus|Full_Seq|Dickeya|Dickeya_paradisiaca_Ech703|94	WP_012768004.1|csp22_consensus|Full_Seq|Dickeya|Dickeya_zeae_S31|27692
WP_015853961.1|csp22_consensus|Full_Seq|Dickeya|Dickeya_paradisiaca_Ech703|94	WP_012769694.1|csp22_consensus|Full_Seq|Dickeya|Dickeya_zeae_S31|27693
WP_015853961.1|csp22_consensus|Full_Seq|Dickeya|Dickeya_paradisiaca_Ech703|94	WP_009113827.1|csp22_consensus|Full_Seq|Dickeya|Dickeya_dianthicola_PA24|28099
WP_015853961.1|csp22_consensus|Full_Seq|Dickeya|Dickeya_paradisiaca_Ech703|94	WP_012769694.1|csp22_consensus|Full_Seq|Dickeya|Dickeya_dianthicola_PA24|28100
WP_015853961.1|csp22_consensus|Full_Seq|Dickeya|Dickeya_paradisiaca_Ech703|94	WP_022635207.1|csp22_consensus|Full_Seq|Dickeya|Dickeya_dianthicola_PA24|28102
WP_015853961.1|csp22_consensus|Full_Seq|Dickeya|Dickeya_paradisiaca_Ech703|94	WP_009113827.1|csp22_consensus|Full_Seq|Dickeya|Dickeya_dianthicola_16SBJ16|28106
WP_015853961.1|csp22_consensus|Full_Seq|Dickeya|Dickeya_paradisiaca_Ech703|94	WP_012769694.1|csp22_consensus|Full_Seq|Dickeya|Dickeya_dianthicola_16SBJ16|28107
WP_015853961.1|csp22_consensus|Full_Seq|Dickeya|Dickeya_paradisiaca_Ech703|94	WP_022635207.1|csp22_consensus|Full_Seq|Dickeya|Dickeya_dianthicola_16SBJ16|28109
WP_015853961.1|csp22_consensus|Full_Seq|Dickeya|Dickeya_paradisiaca_Ech703|94	WP_009113827.1|csp22_consensus|Full_Seq|Dickeya|Dickeya_dianthicola_16ME22T|28113
WP_015853961.1|csp22_consensus|Full_Seq|Dickeya|Dickeya_paradisiaca_Ech703|94	WP_012769694.1|csp22_consensus|Full_Seq|Dickeya|Dickeya_dianthicola_16ME22T|28114
WP_015853961.1|csp22_consensus|Full_Seq|Dickeya|Dickeya_paradisiaca_Ech703|94	WP_022635207.1|csp22_consensus|Full_Seq|Dickeya|Dickeya_dianthicola_16ME22T|28116
WP_015853961.1|csp22_consensus|Full_Seq|Dickeya|Dickeya_paradisiaca_Ech703|94	WP_009113827.1|csp22_consensus|Full_Seq|Dickeya|Dickeya_dianthicola_16ME21T|28120
WP_015853961.1|csp22_consensus|Full_Seq|Dickeya|Dickeya_paradisiaca_Ech703|94	WP_012769694.1|csp22_consensus|Full_Seq|Dickeya|Dickeya_dianthicola_16ME21T|28121
WP_015853961.1|csp22_consensus|Full_Seq|Dickeya|Dickeya_paradisiaca_Ech703|94	WP_022635207.1|csp22_consensus|Full_Seq|Dickeya|Dickeya_dianthicola_16ME21T|28123
WP_015853961.1|csp22_consensus|Full_Seq|Dickeya|Dickeya_paradisiaca_Ech703|94	WP_009113827.1|csp22_consensus|Full_Seq|Dickeya|Dickeya_dianthicola_16MB01|28127
WP_015853961.1|csp22_consensus|Full_Seq|Dickeya|Dickeya_paradisiaca_Ech703|94	WP_012769694.1|csp22_consensus|Full_Seq|Dickeya|Dickeya_dianthicola_16MB01|28128
WP_015853961.1|csp22_consensus|Full_Seq|Dickeya|Dickeya_paradisiaca_Ech703|94	WP_022635207.1|csp22_consensus|Full_Seq|Dickeya|Dickeya_dianthicola_16MB01|28130
WP_015853961.1|csp22_consensus|Full_Seq|Dickeya|Dickeya_paradisiaca_Ech703|94	WP_009113827.1|csp22_consensus|Full_Seq|Dickeya|Dickeya_dianthicola_16MA15T|28134
WP_015853961.1|csp22_consensus|Full_Seq|Dickeya|Dickeya_paradisiaca_Ech703|94	WP_012769694.1|csp22_consensus|Full_Seq|Dickeya|Dickeya_dianthicola_16MA15T|28135
WP_015853961.1|csp22_consensus|Full_Seq|Dickeya|Dickeya_paradisiaca_Ech703|94	WP_022635207.1|csp22_consensus|Full_Seq|Dickeya|Dickeya_dianthicola_16MA15T|28137
WP_015853961.1|csp22_consensus|Full_Seq|Dickeya|Dickeya_paradisiaca_Ech703|94	WP_009113827.1|csp22_consensus|Full_Seq|Dickeya|Dickeya_dianthicola_16LI04|28141
WP_015853961.1|csp22_consensus|Full_Seq|Dickeya|Dickeya_paradisiaca_Ech703|94	WP_012769694.1|csp22_consensus|Full_Seq|Dickeya|Dickeya_dianthicola_16LI04|28142
WP_015853961.1|csp22_consensus|Full_Seq|Dickeya|Dickeya_paradisiaca_Ech703|94	WP_022635207.1|csp22_consensus|Full_Seq|Dickeya|Dickeya_dianthicola_16LI04|28144
WP_015853961.1|csp22_consensus|Full_Seq|Dickeya|Dickeya_paradisiaca_Ech703|94	WP_009113827.1|csp22_consensus|Full_Seq|Dickeya|Dickeya_dianthicola_16LI02|28148
WP_015853961.1|csp22_consensus|Full_Seq|Dickeya|Dickeya_paradisiaca_Ech703|94	WP_012769694.1|csp22_consensus|Full_Seq|Dickeya|Dickeya_dianthicola_16LI02|28149
WP_015853961.1|csp22_consensus|Full_Seq|Dickeya|Dickeya_paradisiaca_Ech703|94	WP_022635207.1|csp22_consensus|Full_Seq|Dickeya|Dickeya_dianthicola_16LI02|28151
WP_015853961.1|csp22_consensus|Full_Seq|Dickeya|Dickeya_paradisiaca_Ech703|94	WP_009113827.1|csp22_consensus|Full_Seq|Dickeya|Dickeya_dianthicola_16LI01|28155
WP_015853961.1|csp22_consensus|Full_Seq|Dickeya|Dickeya_paradisiaca_Ech703|94	WP_012769694.1|csp22_consensus|Full_Seq|Dickeya|Dickeya_dianthicola_16LI01|28156
WP_015853961.1|csp22_consensus|Full_Seq|Dickeya|Dickeya_paradisiaca_Ech703|94	WP_022635207.1|csp22_consensus|Full_Seq|Dickeya|Dickeya_dianthicola_16LI01|28158
WP_015853961.1|csp22_consensus|Full_Seq|Dickeya|Dickeya_paradisiaca_Ech703|94	WP_009113827.1|csp22_consensus|Full_Seq|Dickeya|Dickeya_dianthicola_16JP05|28162
WP_015853961.1|csp22_consensus|Full_Seq|Dickeya|Dickeya_paradisiaca_Ech703|94	WP_012769694.1|csp22_consensus|Full_Seq|Dickeya|Dickeya_dianthicola_16JP05|28163
WP_015853961.1|csp22_consensus|Full_Seq|Dickeya|Dickeya_paradisiaca_Ech703|94	WP_022635207.1|csp22_consensus|Full_Seq|Dickeya|Dickeya_dianthicola_16JP05|28165
WP_015853961.1|csp22_consensus|Full_Seq|Dickeya|Dickeya_paradisiaca_Ech703|94	WP_009113827.1|csp22_consensus|Full_Seq|Dickeya|Dickeya_dianthicola_16JP03|28169
WP_015853961.1|csp22_consensus|Full_Seq|Dickeya|Dickeya_paradisiaca_Ech703|94	WP_012769694.1|csp22_consensus|Full_Seq|Dickeya|Dickeya_dianthicola_16JP03|28170
WP_015853961.1|csp22_consensus|Full_Seq|Dickeya|Dickeya_paradisiaca_Ech703|94	WP_022635207.1|csp22_consensus|Full_Seq|Dickeya|Dickeya_dianthicola_16JP03|28172
WP_015853961.1|csp22_consensus|Full_Seq|Dickeya|Dickeya_paradisiaca_Ech703|94	WP_009113827.1|csp22_consensus|Full_Seq|Dickeya|Dickeya_dianthicola_DDI_16NJ12|28221
WP_015853961.1|csp22_consensus|Full_Seq|Dickeya|Dickeya_paradisiaca_Ech703|94	WP_012769694.1|csp22_consensus|Full_Seq|Dickeya|Dickeya_dianthicola_DDI_16NJ12|28222
WP_015853961.1|csp22_consensus|Full_Seq|Dickeya|Dickeya_paradisiaca_Ech703|94	WP_022635207.1|csp22_consensus|Full_Seq|Dickeya|Dickeya_dianthicola_DDI_16NJ12|28224
WP_015853961.1|csp22_consensus|Full_Seq|Dickeya|Dickeya_paradisiaca_Ech703|94	WP_009113827.1|csp22_consensus|Full_Seq|Dickeya|Dickeya_dianthicola_DDI_16NJ11|28228
WP_015853961.1|csp22_consensus|Full_Seq|Dickeya|Dickeya_paradisiaca_Ech703|94	WP_012769694.1|csp22_consensus|Full_Seq|Dickeya|Dickeya_dianthicola_DDI_16NJ11|28229
WP_015853961.1|csp22_consensus|Full_Seq|Dickeya|Dickeya_paradisiaca_Ech703|94	WP_022635207.1|csp22_consensus|Full_Seq|Dickeya|Dickeya_dianthicola_DDI_16NJ11|28231
WP_015853961.1|csp22_consensus|Full_Seq|Dickeya|Dickeya_paradisiaca_Ech703|94	WP_009113827.1|csp22_consensus|Full_Seq|Dickeya|Dickeya_dianthicola_DDI_59W|28235
WP_015853961.1|csp22_consensus|Full_Seq|Dickeya|Dickeya_paradisiaca_Ech703|94	WP_012769694.1|csp22_consensus|Full_Seq|Dickeya|Dickeya_dianthicola_DDI_59W|28236
WP_015853961.1|csp22_consensus|Full_Seq|Dickeya|Dickeya_paradisiaca_Ech703|94	WP_022635207.1|csp22_consensus|Full_Seq|Dickeya|Dickeya_dianthicola_DDI_59W|28238
WP_015853961.1|csp22_consensus|Full_Seq|Dickeya|Dickeya_paradisiaca_Ech703|94	WP_009113827.1|csp22_consensus|Full_Seq|Dickeya|Dickeya_dianthicola_DDI_16PA07|28242
WP_015853961.1|csp22_consensus|Full_Seq|Dickeya|Dickeya_paradisiaca_Ech703|94	WP_012769694.1|csp22_consensus|Full_Seq|Dickeya|Dickeya_dianthicola_DDI_16PA07|28243
WP_015853961.1|csp22_consensus|Full_Seq|Dickeya|Dickeya_paradisiaca_Ech703|94	WP_022635207.1|csp22_consensus|Full_Seq|Dickeya|Dickeya_dianthicola_DDI_16PA07|28245
WP_015853961.1|csp22_consensus|Full_Seq|Dickeya|Dickeya_paradisiaca_Ech703|94	WP_009113827.1|csp22_consensus|Full_Seq|Dickeya|Dickeya_dianthicola_DDI_ME30|28393
WP_015853961.1|csp22_consensus|Full_Seq|Dickeya|Dickeya_paradisiaca_Ech703|94	WP_012769694.1|csp22_consensus|Full_Seq|Dickeya|Dickeya_dianthicola_DDI_ME30|28394
WP_015853961.1|csp22_consensus|Full_Seq|Dickeya|Dickeya_paradisiaca_Ech703|94	WP_022635207.1|csp22_consensus|Full_Seq|Dickeya|Dickeya_dianthicola_DDI_ME30|28396
WP_015853961.1|csp22_consensus|Full_Seq|Dickeya|Dickeya_paradisiaca_Ech703|94	WP_009113827.1|csp22_consensus|Full_Seq|Dickeya|Dickeya_dadantii_S3-1|28563
WP_015853961.1|csp22_consensus|Full_Seq|Dickeya|Dickeya_paradisiaca_Ech703|94	WP_013319797.1|csp22_consensus|Full_Seq|Dickeya|Dickeya_dadantii_S3-1|28566
WP_015853961.1|csp22_consensus|Full_Seq|Dickeya|Dickeya_paradisiaca_Ech703|94	WP_009113827.1|csp22_consensus|Full_Seq|Dickeya|Dickeya_zeae_JZL7|29017
WP_015853961.1|csp22_consensus|Full_Seq|Dickeya|Dickeya_paradisiaca_Ech703|94	WP_012768004.1|csp22_consensus|Full_Seq|Dickeya|Dickeya_zeae_JZL7|29018
WP_015853961.1|csp22_consensus|Full_Seq|Dickeya|Dickeya_paradisiaca_Ech703|94	WP_012769694.1|csp22_consensus|Full_Seq|Dickeya|Dickeya_zeae_JZL7|29019
WP_015853961.1|csp22_consensus|Full_Seq|Dickeya|Dickeya_paradisiaca_Ech703|94	WP_009113827.1|csp22_consensus|Full_Seq|Dickeya|Dickeya_zeae_PL65|29029
WP_015853961.1|csp22_consensus|Full_Seq|Dickeya|Dickeya_paradisiaca_Ech703|94	WP_012768004.1|csp22_consensus|Full_Seq|Dickeya|Dickeya_zeae_PL65|29030
WP_015853961.1|csp22_consensus|Full_Seq|Dickeya|Dickeya_paradisiaca_Ech703|94	WP_012769694.1|csp22_consensus|Full_Seq|Dickeya|Dickeya_zeae_PL65|29031
WP_015853961.1|csp22_consensus|Full_Seq|Dickeya|Dickeya_paradisiaca_Ech703|94	WP_009113827.1|csp22_consensus|Full_Seq|Dickeya|Dickeya_chrysanthemi_EC16|29620
WP_015853961.1|csp22_consensus|Full_Seq|Dickeya|Dickeya_paradisiaca_Ech703|94	WP_012768004.1|csp22_consensus|Full_Seq|Dickeya|Dickeya_chrysanthemi_EC16|29621
WP_015853961.1|csp22_consensus|Full_Seq|Dickeya|Dickeya_paradisiaca_Ech703|94	WP_012769694.1|csp22_consensus|Full_Seq|Dickeya|Dickeya_chrysanthemi_EC16|29622
WP_015853961.1|csp22_consensus|Full_Seq|Dickeya|Dickeya_paradisiaca_Ech703|94	WP_009113827.1|csp22_consensus|Full_Seq|Dickeya|Dickeya_aquatica_174/2|29844
WP_015853961.1|csp22_consensus|Full_Seq|Dickeya|Dickeya_paradisiaca_Ech703|94	WP_012769694.1|csp22_consensus|Full_Seq|Dickeya|Dickeya_aquatica_174/2|29845
WP_015853961.1|csp22_consensus|Full_Seq|Dickeya|Dickeya_paradisiaca_Ech703|94	WP_035343404.1|csp22_consensus|Full_Seq|Dickeya|Dickeya_aquatica_174/2|29847
